school,sex,age,address,famsize,Pstatus,Medu,Fedu,Mjob,Fjob,reason,failures,guardian,traveltime,studytime,schoolsup,famsup,paid,activities,nursery,higher,internet,romantic,famrel,freetime,goout,Dalc,Walc,health,absences,G2,G1,G3,G3_Prediction
GP,F,18.0,U,GT3,A,4.0,4.0,at_home,teacher,course,0.0,mother,2.0,2.0,yes,no,no,no,yes,yes,no,no,4.0,3.0,4.0,1.0,1.0,3.0,6.0,6.0,5.0,6.0,6.03125
GP,F,17.0,U,GT3,T,1.0,1.0,at_home,other,course,0.0,father,1.0,2.0,no,yes,no,no,no,yes,yes,no,5.0,3.0,3.0,1.0,1.0,3.0,4.0,5.0,5.0,6.0,5.96875
GP,F,15.0,U,LE3,T,1.0,1.0,at_home,other,other,3.0,mother,1.0,2.0,yes,no,yes,no,yes,yes,yes,no,4.0,3.0,2.0,2.0,3.0,3.0,10.0,8.0,7.0,10.0,9.171875
GP,F,15.0,U,GT3,T,4.0,2.0,health,services,home,0.0,mother,1.0,3.0,no,yes,yes,yes,yes,yes,yes,yes,3.0,2.0,2.0,1.0,1.0,5.0,2.0,14.0,15.0,15.0,14.7421875
GP,F,16.0,U,GT3,T,3.0,3.0,other,other,home,0.0,father,1.0,2.0,no,yes,yes,no,yes,yes,no,no,4.0,3.0,2.0,1.0,2.0,5.0,4.0,10.0,6.0,10.0,10.0
GP,M,16.0,U,LE3,T,4.0,3.0,services,other,reputation,0.0,mother,1.0,2.0,no,yes,yes,yes,yes,yes,yes,no,5.0,4.0,2.0,1.0,2.0,5.0,10.0,15.0,15.0,15.0,15.1171875
GP,M,16.0,U,LE3,T,2.0,2.0,other,other,home,0.0,mother,1.0,2.0,no,no,no,no,yes,yes,yes,no,4.0,4.0,4.0,1.0,1.0,3.0,0.0,12.0,12.0,11.0,11.4765625
GP,F,17.0,U,GT3,A,4.0,4.0,other,teacher,home,0.0,mother,2.0,2.0,yes,yes,no,no,yes,yes,no,no,4.0,1.0,4.0,1.0,1.0,1.0,6.0,5.0,6.0,6.0,6.046875
GP,M,15.0,U,LE3,A,3.0,2.0,services,other,home,0.0,mother,1.0,2.0,no,yes,yes,no,yes,yes,yes,no,4.0,2.0,2.0,1.0,1.0,1.0,0.0,18.0,16.0,19.0,18.578125
GP,M,15.0,U,GT3,T,3.0,4.0,other,other,home,0.0,mother,1.0,2.0,no,yes,yes,yes,yes,yes,yes,no,5.0,5.0,1.0,1.0,1.0,5.0,0.0,15.0,14.0,15.0,15.3125
GP,F,15.0,U,GT3,T,4.0,4.0,teacher,health,reputation,0.0,mother,1.0,2.0,no,yes,yes,no,yes,yes,yes,no,3.0,3.0,3.0,1.0,2.0,2.0,0.0,8.0,10.0,9.0,7.9609375
GP,F,15.0,U,GT3,T,2.0,1.0,services,other,reputation,0.0,father,3.0,3.0,no,yes,no,yes,yes,yes,yes,no,5.0,2.0,2.0,1.0,1.0,4.0,4.0,12.0,10.0,12.0,11.9921875
GP,M,15.0,U,LE3,T,4.0,4.0,health,services,course,0.0,father,1.0,1.0,no,yes,yes,yes,yes,yes,yes,no,4.0,3.0,3.0,1.0,3.0,5.0,2.0,14.0,14.0,14.0,14.0625
GP,M,15.0,U,GT3,T,4.0,3.0,teacher,other,course,0.0,mother,2.0,2.0,no,yes,yes,no,yes,yes,yes,no,5.0,4.0,3.0,1.0,2.0,3.0,2.0,10.0,10.0,11.0,10.703125
GP,M,15.0,U,GT3,A,2.0,2.0,other,other,home,0.0,other,1.0,3.0,no,yes,no,no,yes,yes,yes,yes,4.0,5.0,2.0,1.0,1.0,3.0,0.0,16.0,14.0,16.0,16.015625
GP,F,16.0,U,GT3,T,4.0,4.0,health,other,home,0.0,mother,1.0,1.0,no,yes,no,no,yes,yes,yes,no,4.0,4.0,4.0,1.0,2.0,2.0,4.0,14.0,14.0,14.0,13.96875
GP,F,16.0,U,GT3,T,4.0,4.0,services,services,reputation,0.0,mother,1.0,3.0,no,yes,yes,yes,yes,yes,yes,no,3.0,2.0,3.0,1.0,2.0,2.0,6.0,14.0,13.0,14.0,14.046875
GP,F,16.0,U,GT3,T,3.0,3.0,other,other,reputation,0.0,mother,3.0,2.0,yes,yes,no,yes,yes,yes,no,no,5.0,3.0,2.0,1.0,1.0,4.0,4.0,10.0,8.0,10.0,10.046875
GP,M,17.0,U,GT3,T,3.0,2.0,services,services,course,3.0,mother,1.0,1.0,no,yes,no,yes,yes,yes,yes,no,5.0,5.0,5.0,2.0,4.0,5.0,16.0,5.0,6.0,5.0,5.140625
GP,M,16.0,U,LE3,T,4.0,3.0,health,other,home,0.0,father,1.0,1.0,no,no,yes,yes,yes,yes,yes,no,3.0,1.0,3.0,1.0,3.0,5.0,4.0,10.0,8.0,10.0,9.953125
GP,M,15.0,U,GT3,T,4.0,3.0,teacher,other,reputation,0.0,mother,1.0,2.0,no,no,no,no,yes,yes,yes,no,4.0,4.0,1.0,1.0,1.0,1.0,0.0,14.0,13.0,15.0,14.5390625
GP,M,15.0,U,GT3,T,4.0,4.0,health,health,other,0.0,father,1.0,1.0,no,yes,yes,no,yes,yes,yes,no,5.0,4.0,2.0,1.0,1.0,5.0,0.0,15.0,12.0,15.0,15.1953125
GP,M,16.0,U,LE3,T,4.0,2.0,teacher,other,course,0.0,mother,1.0,2.0,no,no,no,yes,yes,yes,yes,no,4.0,5.0,1.0,1.0,3.0,5.0,2.0,15.0,15.0,16.0,15.7890625
GP,M,16.0,U,LE3,T,2.0,2.0,other,other,reputation,0.0,mother,2.0,2.0,no,yes,no,yes,yes,yes,yes,no,5.0,4.0,4.0,2.0,4.0,5.0,0.0,13.0,13.0,12.0,12.2421875
GP,F,15.0,R,GT3,T,2.0,4.0,services,health,course,0.0,mother,1.0,3.0,yes,yes,yes,yes,yes,yes,yes,no,4.0,3.0,2.0,1.0,1.0,5.0,2.0,9.0,10.0,8.0,8.25
GP,F,16.0,U,GT3,T,2.0,2.0,services,services,home,2.0,mother,1.0,1.0,no,yes,yes,no,no,yes,yes,no,1.0,2.0,2.0,1.0,3.0,5.0,14.0,9.0,6.0,8.0,7.9609375
GP,M,15.0,U,GT3,T,2.0,2.0,other,other,home,0.0,mother,1.0,1.0,no,yes,yes,no,yes,yes,yes,no,4.0,2.0,2.0,1.0,2.0,5.0,2.0,12.0,12.0,11.0,11.1953125
GP,M,15.0,U,GT3,T,4.0,2.0,health,services,other,0.0,mother,1.0,1.0,no,no,yes,no,yes,yes,yes,no,2.0,2.0,4.0,2.0,4.0,1.0,4.0,16.0,15.0,15.0,15.4609375
GP,M,16.0,U,LE3,A,3.0,4.0,services,other,home,0.0,mother,1.0,2.0,yes,yes,no,yes,yes,yes,yes,no,5.0,3.0,3.0,1.0,1.0,5.0,4.0,11.0,11.0,11.0,11.0390625
GP,M,16.0,U,GT3,T,4.0,4.0,teacher,teacher,home,0.0,mother,1.0,2.0,no,yes,yes,yes,yes,yes,yes,yes,4.0,4.0,5.0,5.0,5.0,5.0,16.0,12.0,10.0,11.0,11.328125
GP,M,15.0,U,GT3,T,4.0,4.0,health,services,home,0.0,mother,1.0,2.0,no,yes,yes,no,no,yes,yes,no,5.0,4.0,2.0,3.0,4.0,5.0,0.0,11.0,9.0,12.0,11.6875
GP,M,15.0,U,GT3,T,4.0,4.0,services,services,reputation,0.0,mother,2.0,2.0,no,yes,no,yes,yes,yes,yes,no,4.0,3.0,1.0,1.0,1.0,5.0,0.0,16.0,17.0,17.0,16.515625
GP,M,15.0,R,GT3,T,4.0,3.0,teacher,at_home,course,0.0,mother,1.0,2.0,no,yes,no,yes,yes,yes,yes,yes,4.0,5.0,2.0,1.0,1.0,5.0,0.0,16.0,17.0,16.0,16.0390625
GP,M,15.0,U,LE3,T,3.0,3.0,other,other,course,0.0,mother,1.0,2.0,no,no,no,yes,no,yes,yes,no,5.0,3.0,2.0,1.0,1.0,2.0,0.0,10.0,8.0,12.0,11.109375
GP,M,16.0,U,GT3,T,3.0,2.0,other,other,home,0.0,mother,1.0,1.0,no,yes,yes,no,no,yes,yes,no,5.0,4.0,3.0,1.0,1.0,5.0,0.0,14.0,12.0,15.0,14.6171875
GP,F,15.0,U,GT3,T,2.0,3.0,other,other,other,0.0,father,2.0,1.0,no,yes,no,yes,yes,yes,no,no,3.0,5.0,1.0,1.0,1.0,5.0,0.0,7.0,8.0,6.0,5.6171875
GP,M,15.0,U,LE3,T,4.0,3.0,teacher,services,home,0.0,mother,1.0,3.0,no,yes,no,yes,yes,yes,yes,no,5.0,4.0,3.0,1.0,1.0,4.0,2.0,16.0,15.0,18.0,17.109375
GP,M,16.0,R,GT3,A,4.0,4.0,other,teacher,reputation,0.0,mother,2.0,3.0,no,yes,no,yes,yes,yes,yes,yes,2.0,4.0,3.0,1.0,1.0,5.0,7.0,16.0,15.0,15.0,15.4375
GP,F,15.0,R,GT3,T,3.0,4.0,services,health,course,0.0,mother,1.0,3.0,yes,yes,yes,yes,yes,yes,yes,no,4.0,3.0,2.0,1.0,1.0,5.0,2.0,12.0,12.0,11.0,11.28125
GP,F,15.0,R,GT3,T,2.0,2.0,at_home,other,reputation,0.0,mother,1.0,1.0,yes,yes,yes,yes,yes,yes,no,no,4.0,3.0,1.0,1.0,1.0,2.0,8.0,13.0,14.0,13.0,13.28125
GP,F,16.0,U,LE3,T,2.0,2.0,other,other,home,1.0,mother,2.0,2.0,no,yes,no,yes,no,yes,yes,yes,3.0,3.0,3.0,1.0,2.0,3.0,25.0,10.0,7.0,11.0,10.515625
GP,M,15.0,U,LE3,T,4.0,4.0,teacher,other,home,0.0,other,1.0,1.0,no,yes,no,no,no,yes,yes,yes,5.0,4.0,3.0,2.0,4.0,5.0,8.0,12.0,12.0,12.0,12.1640625
GP,M,15.0,U,GT3,T,4.0,4.0,services,teacher,course,0.0,father,1.0,2.0,no,yes,no,yes,yes,yes,yes,no,4.0,3.0,3.0,1.0,1.0,5.0,2.0,18.0,19.0,18.0,18.125
GP,M,15.0,U,GT3,T,2.0,2.0,services,services,course,0.0,father,1.0,1.0,yes,yes,no,no,yes,yes,yes,no,5.0,4.0,1.0,1.0,1.0,1.0,0.0,8.0,8.0,11.0,8.625
GP,F,16.0,U,LE3,T,2.0,2.0,other,at_home,course,1.0,father,2.0,2.0,yes,no,no,yes,yes,yes,yes,no,4.0,3.0,3.0,2.0,2.0,5.0,14.0,10.0,10.0,9.0,9.2265625
GP,F,15.0,U,LE3,A,4.0,3.0,other,other,course,0.0,mother,1.0,2.0,yes,yes,yes,yes,yes,yes,yes,yes,5.0,2.0,2.0,1.0,1.0,5.0,8.0,8.0,8.0,6.0,6.875
GP,F,16.0,U,LE3,A,3.0,3.0,other,services,home,0.0,mother,1.0,2.0,no,yes,no,no,yes,yes,yes,no,2.0,3.0,5.0,1.0,4.0,3.0,12.0,12.0,11.0,11.0,11.125
GP,M,16.0,U,GT3,T,4.0,3.0,health,services,reputation,0.0,mother,1.0,4.0,no,no,no,yes,yes,yes,yes,no,4.0,2.0,2.0,1.0,1.0,2.0,4.0,19.0,19.0,20.0,19.4453125
GP,M,15.0,U,GT3,T,4.0,2.0,teacher,other,home,0.0,mother,1.0,2.0,no,yes,yes,no,yes,yes,no,no,4.0,3.0,3.0,2.0,2.0,5.0,2.0,15.0,15.0,14.0,14.484375
GP,F,15.0,U,GT3,T,4.0,4.0,services,teacher,other,1.0,father,1.0,2.0,yes,yes,no,yes,no,yes,yes,no,4.0,4.0,4.0,1.0,1.0,3.0,2.0,7.0,7.0,7.0,6.7890625
GP,F,16.0,U,LE3,T,2.0,2.0,services,services,course,0.0,mother,3.0,2.0,no,yes,yes,no,yes,yes,yes,no,4.0,3.0,3.0,2.0,3.0,4.0,2.0,13.0,12.0,13.0,12.75
GP,F,15.0,U,LE3,T,4.0,2.0,health,other,other,0.0,mother,1.0,2.0,no,yes,yes,no,yes,yes,yes,no,4.0,3.0,3.0,1.0,1.0,5.0,2.0,13.0,11.0,13.0,13.3203125
GP,M,15.0,U,LE3,A,4.0,2.0,health,health,other,1.0,father,2.0,1.0,no,no,no,no,yes,yes,no,no,5.0,5.0,5.0,3.0,4.0,5.0,6.0,11.0,11.0,10.0,10.4453125
GP,F,15.0,U,GT3,T,4.0,4.0,services,services,course,0.0,mother,1.0,1.0,yes,yes,yes,no,yes,yes,yes,no,3.0,3.0,4.0,2.0,3.0,5.0,0.0,10.0,8.0,11.0,10.0859375
GP,F,15.0,U,LE3,A,3.0,3.0,other,other,other,0.0,mother,1.0,1.0,no,no,yes,no,yes,yes,yes,no,5.0,3.0,4.0,4.0,4.0,1.0,6.0,13.0,10.0,13.0,12.875
GP,F,16.0,U,GT3,A,2.0,1.0,other,other,other,0.0,mother,1.0,2.0,no,no,yes,yes,yes,yes,yes,yes,5.0,3.0,4.0,1.0,1.0,2.0,8.0,9.0,8.0,10.0,9.6796875
GP,F,15.0,U,GT3,A,4.0,3.0,services,services,reputation,0.0,mother,1.0,2.0,no,yes,yes,yes,yes,yes,yes,no,4.0,3.0,2.0,1.0,1.0,1.0,0.0,15.0,14.0,15.0,15.078125
GP,M,15.0,U,GT3,T,4.0,4.0,teacher,health,reputation,0.0,mother,1.0,2.0,no,yes,no,yes,yes,yes,no,no,3.0,2.0,2.0,1.0,1.0,5.0,4.0,15.0,14.0,15.0,15.046875
GP,M,15.0,U,LE3,T,1.0,2.0,other,at_home,home,0.0,father,1.0,2.0,yes,yes,no,yes,yes,yes,yes,no,4.0,3.0,2.0,1.0,1.0,5.0,2.0,10.0,9.0,9.0,9.2109375
GP,F,16.0,U,GT3,T,4.0,2.0,services,other,course,0.0,mother,1.0,2.0,no,yes,no,no,yes,yes,yes,no,4.0,2.0,3.0,1.0,1.0,5.0,2.0,16.0,15.0,16.0,15.90625
GP,F,16.0,R,GT3,T,4.0,4.0,health,teacher,other,0.0,mother,1.0,2.0,no,yes,no,yes,yes,yes,no,no,2.0,4.0,4.0,2.0,3.0,4.0,6.0,11.0,10.0,11.0,11.0390625
GP,F,16.0,U,GT3,T,1.0,1.0,services,services,course,0.0,father,4.0,1.0,yes,yes,no,yes,no,yes,yes,yes,5.0,5.0,5.0,5.0,5.0,5.0,6.0,8.0,10.0,11.0,9.8984375
GP,F,16.0,U,LE3,T,1.0,2.0,other,services,reputation,0.0,father,1.0,2.0,yes,no,no,yes,yes,yes,yes,no,4.0,4.0,3.0,1.0,1.0,1.0,4.0,10.0,8.0,9.0,9.4296875
GP,F,16.0,U,GT3,T,4.0,3.0,teacher,health,home,0.0,mother,1.0,3.0,yes,yes,yes,yes,yes,yes,yes,no,3.0,4.0,4.0,2.0,4.0,4.0,2.0,9.0,10.0,9.0,9.0703125
GP,F,15.0,U,LE3,T,4.0,3.0,services,services,reputation,0.0,father,1.0,2.0,yes,no,no,yes,yes,yes,yes,yes,4.0,4.0,4.0,2.0,4.0,2.0,0.0,10.0,10.0,10.0,9.2734375
GP,F,16.0,U,LE3,T,4.0,3.0,teacher,services,course,0.0,mother,3.0,2.0,no,yes,no,yes,yes,yes,yes,no,5.0,4.0,3.0,1.0,2.0,1.0,2.0,15.0,16.0,15.0,15.328125
GP,M,15.0,U,GT3,A,4.0,4.0,other,services,reputation,0.0,mother,1.0,4.0,no,yes,no,yes,no,yes,yes,yes,1.0,3.0,3.0,5.0,5.0,3.0,4.0,13.0,13.0,12.0,12.4296875
GP,F,16.0,U,GT3,T,3.0,1.0,services,other,course,0.0,mother,1.0,4.0,yes,yes,yes,no,yes,yes,yes,no,4.0,3.0,3.0,1.0,2.0,5.0,4.0,7.0,7.0,6.0,6.1953125
GP,F,15.0,R,LE3,T,2.0,2.0,health,services,reputation,0.0,mother,2.0,2.0,yes,yes,yes,no,yes,yes,yes,no,4.0,1.0,3.0,1.0,3.0,4.0,2.0,9.0,8.0,8.0,8.390625
GP,F,15.0,R,LE3,T,3.0,1.0,other,other,reputation,0.0,father,2.0,4.0,no,yes,no,no,no,yes,yes,no,4.0,4.0,2.0,2.0,3.0,3.0,12.0,16.0,16.0,16.0,15.78125
GP,M,16.0,U,GT3,T,3.0,1.0,other,other,reputation,0.0,father,2.0,4.0,no,yes,yes,no,yes,yes,yes,no,4.0,3.0,2.0,1.0,1.0,5.0,0.0,15.0,13.0,15.0,15.2890625
GP,M,15.0,U,GT3,T,4.0,2.0,other,other,course,0.0,mother,1.0,4.0,no,no,no,no,yes,yes,yes,no,3.0,3.0,3.0,1.0,1.0,3.0,0.0,10.0,10.0,10.0,9.2890625
GP,F,15.0,R,GT3,T,1.0,1.0,other,other,reputation,2.0,mother,1.0,2.0,yes,yes,no,no,no,yes,yes,yes,3.0,3.0,4.0,2.0,4.0,5.0,2.0,6.0,8.0,5.0,5.3046875
GP,M,16.0,U,GT3,T,3.0,1.0,other,other,reputation,0.0,mother,1.0,1.0,no,no,no,yes,yes,yes,no,no,5.0,3.0,2.0,2.0,2.0,5.0,2.0,12.0,12.0,14.0,13.375
GP,F,16.0,U,GT3,T,3.0,3.0,other,services,home,0.0,mother,1.0,2.0,yes,yes,yes,yes,yes,yes,yes,no,4.0,3.0,3.0,2.0,4.0,5.0,54.0,12.0,11.0,11.0,11.0546875
GP,M,15.0,U,GT3,T,4.0,3.0,teacher,other,home,0.0,mother,1.0,2.0,no,yes,yes,yes,yes,yes,yes,no,4.0,3.0,3.0,2.0,3.0,5.0,6.0,9.0,9.0,10.0,9.4453125
GP,M,15.0,U,GT3,T,4.0,0.0,teacher,other,course,0.0,mother,2.0,4.0,no,no,no,yes,yes,yes,yes,no,3.0,4.0,3.0,1.0,1.0,1.0,8.0,11.0,11.0,10.0,10.2890625
GP,F,16.0,U,GT3,T,2.0,2.0,other,other,reputation,0.0,mother,1.0,4.0,no,no,yes,no,yes,yes,yes,yes,5.0,2.0,3.0,1.0,3.0,3.0,0.0,11.0,11.0,11.0,11.1015625
GP,M,17.0,U,GT3,T,2.0,1.0,other,other,home,3.0,mother,2.0,1.0,yes,yes,no,yes,yes,no,yes,no,4.0,5.0,1.0,1.0,1.0,3.0,2.0,8.0,8.0,10.0,9.4765625
GP,F,16.0,U,GT3,T,3.0,4.0,at_home,other,course,0.0,mother,1.0,2.0,no,yes,no,no,yes,yes,yes,no,2.0,4.0,3.0,1.0,2.0,3.0,12.0,5.0,5.0,5.0,5.3828125
GP,M,15.0,U,GT3,T,2.0,3.0,other,services,course,0.0,father,1.0,1.0,yes,yes,yes,yes,no,yes,yes,yes,3.0,2.0,2.0,1.0,3.0,3.0,2.0,12.0,10.0,12.0,11.765625
GP,M,15.0,U,GT3,T,2.0,3.0,other,other,home,0.0,mother,1.0,3.0,yes,no,yes,no,no,yes,yes,no,5.0,3.0,2.0,1.0,2.0,5.0,4.0,10.0,11.0,11.0,10.578125
GP,F,15.0,U,LE3,T,3.0,2.0,services,other,reputation,0.0,mother,1.0,2.0,no,yes,yes,no,yes,yes,yes,no,4.0,4.0,4.0,1.0,1.0,5.0,10.0,6.0,7.0,6.0,6.046875
GP,M,15.0,U,LE3,T,2.0,2.0,services,services,home,0.0,mother,2.0,2.0,no,no,yes,yes,yes,yes,yes,no,5.0,3.0,3.0,1.0,3.0,4.0,4.0,15.0,15.0,15.0,15.2109375
GP,F,15.0,U,GT3,T,1.0,1.0,other,other,home,0.0,father,1.0,2.0,no,yes,no,yes,no,yes,yes,no,4.0,3.0,2.0,2.0,3.0,4.0,2.0,10.0,9.0,10.0,10.1171875
GP,F,15.0,U,GT3,T,4.0,4.0,services,services,reputation,2.0,father,2.0,2.0,no,no,yes,no,yes,yes,yes,yes,4.0,4.0,4.0,2.0,3.0,5.0,6.0,9.0,7.0,8.0,8.1640625
GP,F,16.0,U,LE3,T,2.0,2.0,at_home,other,course,0.0,mother,1.0,2.0,no,yes,no,no,yes,yes,no,no,4.0,3.0,4.0,1.0,2.0,2.0,4.0,7.0,8.0,6.0,6.5
GP,F,15.0,U,GT3,T,4.0,2.0,other,other,reputation,0.0,mother,1.0,3.0,no,yes,no,yes,yes,yes,yes,no,5.0,3.0,3.0,1.0,3.0,1.0,4.0,14.0,13.0,14.0,14.1796875
GP,M,16.0,U,GT3,T,2.0,2.0,services,other,reputation,1.0,father,2.0,2.0,no,no,yes,yes,no,yes,yes,no,4.0,4.0,2.0,1.0,1.0,3.0,12.0,10.0,11.0,10.0,10.0390625
GP,M,16.0,U,LE3,A,4.0,4.0,teacher,health,reputation,0.0,mother,1.0,2.0,no,yes,no,no,yes,yes,no,no,4.0,1.0,3.0,3.0,5.0,5.0,18.0,6.0,8.0,7.0,6.890625
GP,F,16.0,U,GT3,T,3.0,3.0,other,other,home,0.0,mother,1.0,3.0,no,yes,yes,no,yes,yes,yes,yes,4.0,3.0,3.0,1.0,3.0,4.0,0.0,7.0,7.0,8.0,5.5859375
GP,F,15.0,U,GT3,T,4.0,3.0,services,other,reputation,0.0,mother,1.0,1.0,no,no,yes,yes,yes,yes,yes,no,4.0,5.0,5.0,1.0,3.0,1.0,4.0,17.0,16.0,18.0,17.7578125
GP,F,16.0,U,LE3,T,3.0,1.0,other,other,home,0.0,father,1.0,2.0,yes,yes,no,no,yes,yes,no,no,3.0,3.0,3.0,2.0,3.0,2.0,4.0,6.0,7.0,6.0,6.078125
GP,F,16.0,U,GT3,T,4.0,2.0,teacher,services,home,0.0,mother,2.0,2.0,no,yes,yes,yes,yes,yes,yes,no,5.0,3.0,3.0,1.0,1.0,1.0,0.0,10.0,11.0,10.0,9.21875
GP,M,15.0,U,LE3,T,2.0,2.0,services,health,reputation,0.0,mother,1.0,4.0,no,yes,no,yes,yes,yes,yes,no,4.0,3.0,4.0,1.0,1.0,4.0,6.0,13.0,11.0,14.0,13.828125
GP,F,15.0,R,GT3,T,1.0,1.0,at_home,other,home,1.0,mother,2.0,4.0,yes,yes,yes,yes,yes,yes,yes,no,3.0,1.0,2.0,1.0,1.0,1.0,2.0,10.0,7.0,10.0,9.875
GP,M,16.0,R,GT3,T,4.0,3.0,services,other,reputation,0.0,mother,2.0,1.0,yes,yes,no,yes,no,yes,yes,no,3.0,3.0,3.0,1.0,1.0,4.0,2.0,15.0,11.0,15.0,15.1875
GP,F,16.0,U,GT3,T,2.0,1.0,other,other,course,0.0,mother,1.0,2.0,no,yes,yes,no,yes,yes,no,yes,4.0,3.0,5.0,1.0,1.0,5.0,2.0,9.0,8.0,10.0,9.7421875
GP,F,16.0,U,GT3,T,4.0,4.0,other,other,reputation,0.0,mother,1.0,1.0,no,no,no,yes,no,yes,yes,no,5.0,3.0,4.0,1.0,2.0,1.0,6.0,14.0,11.0,14.0,14.0
GP,F,16.0,U,GT3,T,4.0,3.0,other,at_home,course,0.0,mother,1.0,3.0,yes,yes,yes,no,yes,yes,yes,no,5.0,3.0,5.0,1.0,1.0,3.0,0.0,9.0,7.0,8.0,8.390625
GP,M,16.0,U,GT3,T,4.0,4.0,services,services,other,0.0,mother,1.0,1.0,yes,yes,yes,yes,yes,yes,yes,no,4.0,5.0,5.0,5.0,5.0,4.0,14.0,7.0,7.0,5.0,5.8359375
GP,M,16.0,U,GT3,T,4.0,4.0,services,teacher,other,0.0,father,1.0,3.0,no,yes,no,yes,yes,yes,yes,yes,4.0,4.0,3.0,1.0,1.0,4.0,0.0,17.0,16.0,17.0,17.2890625
GP,M,15.0,U,GT3,T,4.0,4.0,services,other,course,0.0,mother,1.0,1.0,no,yes,no,yes,no,yes,yes,no,5.0,3.0,3.0,1.0,1.0,5.0,4.0,13.0,10.0,14.0,13.765625
GP,F,15.0,U,GT3,T,3.0,2.0,services,other,home,0.0,mother,2.0,2.0,yes,yes,yes,no,yes,yes,yes,no,4.0,3.0,5.0,1.0,1.0,2.0,26.0,6.0,7.0,6.0,5.828125
GP,M,15.0,U,GT3,A,3.0,4.0,services,other,course,0.0,mother,1.0,2.0,no,yes,yes,yes,yes,yes,yes,no,5.0,4.0,4.0,1.0,1.0,1.0,0.0,18.0,16.0,18.0,18.15625
GP,F,15.0,U,GT3,A,3.0,3.0,other,health,reputation,0.0,father,1.0,4.0,yes,no,no,no,yes,yes,no,no,4.0,3.0,3.0,1.0,1.0,4.0,10.0,11.0,10.0,11.0,10.8984375
GP,F,15.0,U,GT3,T,2.0,2.0,other,other,course,0.0,mother,1.0,4.0,yes,yes,yes,no,yes,yes,yes,no,5.0,1.0,2.0,1.0,1.0,3.0,8.0,8.0,7.0,8.0,7.78125
GP,M,16.0,U,GT3,T,3.0,3.0,services,other,home,0.0,father,1.0,3.0,no,yes,no,yes,yes,yes,yes,no,5.0,3.0,3.0,1.0,1.0,5.0,2.0,18.0,16.0,18.0,18.0703125
GP,M,15.0,R,GT3,T,4.0,4.0,other,other,home,0.0,father,4.0,4.0,no,yes,yes,yes,yes,yes,yes,yes,1.0,3.0,5.0,3.0,5.0,1.0,6.0,13.0,10.0,13.0,12.8984375
GP,F,16.0,U,LE3,T,4.0,4.0,health,health,other,0.0,mother,1.0,3.0,no,yes,yes,yes,yes,yes,yes,yes,5.0,4.0,5.0,1.0,1.0,4.0,4.0,15.0,14.0,16.0,15.7578125
GP,M,15.0,U,LE3,A,4.0,4.0,teacher,teacher,course,0.0,mother,1.0,1.0,no,no,no,yes,yes,yes,yes,no,5.0,5.0,3.0,1.0,1.0,4.0,6.0,19.0,18.0,19.0,18.90625
GP,F,16.0,R,GT3,T,3.0,3.0,services,other,reputation,1.0,father,1.0,3.0,yes,yes,no,yes,yes,yes,yes,no,4.0,1.0,2.0,1.0,1.0,2.0,0.0,10.0,7.0,10.0,8.5625
GP,F,16.0,U,GT3,T,2.0,2.0,at_home,other,home,1.0,mother,1.0,2.0,yes,no,no,yes,yes,yes,yes,no,3.0,1.0,2.0,1.0,1.0,5.0,6.0,13.0,10.0,13.0,13.1328125
GP,M,15.0,U,LE3,T,4.0,2.0,teacher,other,course,0.0,mother,1.0,1.0,no,no,no,no,yes,yes,yes,no,3.0,5.0,2.0,1.0,1.0,3.0,10.0,19.0,18.0,19.0,18.953125
GP,M,15.0,R,GT3,T,2.0,1.0,health,services,reputation,0.0,mother,1.0,2.0,no,no,no,yes,yes,yes,yes,yes,5.0,4.0,2.0,1.0,1.0,5.0,8.0,9.0,9.0,9.0,9.0625
GP,M,16.0,U,GT3,T,4.0,4.0,teacher,teacher,course,0.0,father,1.0,2.0,no,yes,no,yes,yes,yes,yes,no,5.0,4.0,4.0,1.0,2.0,5.0,2.0,15.0,15.0,16.0,15.8125
GP,M,15.0,U,GT3,T,4.0,4.0,other,teacher,reputation,0.0,father,2.0,2.0,no,yes,no,yes,yes,yes,no,no,4.0,4.0,3.0,1.0,1.0,2.0,2.0,13.0,11.0,14.0,13.9765625
GP,M,16.0,U,GT3,T,3.0,3.0,other,services,home,0.0,father,2.0,1.0,no,no,no,yes,yes,yes,yes,no,5.0,4.0,2.0,1.0,1.0,5.0,0.0,14.0,13.0,13.0,13.546875
GP,M,17.0,R,GT3,T,1.0,3.0,other,other,course,1.0,father,3.0,2.0,no,yes,no,yes,yes,yes,yes,no,5.0,2.0,4.0,1.0,4.0,5.0,20.0,7.0,9.0,8.0,7.6171875
GP,M,15.0,U,GT3,T,3.0,4.0,other,other,reputation,0.0,father,1.0,1.0,no,no,no,no,yes,yes,yes,no,3.0,4.0,3.0,1.0,2.0,4.0,6.0,13.0,14.0,13.0,12.8203125
GP,F,15.0,U,GT3,T,1.0,2.0,at_home,services,course,0.0,mother,1.0,2.0,no,no,no,no,no,yes,yes,no,3.0,2.0,3.0,1.0,2.0,1.0,2.0,15.0,16.0,15.0,15.1484375
GP,M,15.0,U,GT3,T,2.0,2.0,services,services,home,0.0,father,1.0,4.0,no,yes,yes,yes,yes,yes,yes,no,5.0,5.0,4.0,1.0,2.0,5.0,6.0,14.0,16.0,15.0,14.6796875
GP,F,16.0,U,LE3,T,2.0,4.0,other,health,course,0.0,father,2.0,2.0,no,yes,yes,yes,yes,yes,yes,yes,4.0,2.0,2.0,1.0,2.0,5.0,2.0,13.0,13.0,13.0,12.875
GP,M,16.0,U,GT3,T,4.0,4.0,health,other,course,0.0,mother,1.0,1.0,no,yes,no,yes,yes,yes,yes,no,3.0,4.0,4.0,1.0,4.0,5.0,18.0,11.0,14.0,13.0,12.3984375
GP,F,16.0,U,GT3,T,2.0,2.0,other,other,home,0.0,mother,1.0,2.0,no,no,yes,no,yes,yes,yes,yes,5.0,4.0,4.0,1.0,1.0,5.0,0.0,7.0,8.0,8.0,6.359375
GP,M,15.0,U,GT3,T,3.0,4.0,services,services,home,0.0,father,1.0,1.0,yes,no,no,no,yes,yes,yes,no,5.0,5.0,5.0,3.0,2.0,5.0,0.0,13.0,13.0,12.0,12.3984375
GP,F,15.0,U,LE3,A,3.0,4.0,other,other,home,0.0,mother,1.0,2.0,yes,no,no,yes,yes,yes,yes,yes,5.0,3.0,2.0,1.0,1.0,1.0,0.0,10.0,7.0,11.0,9.625
GP,F,19.0,U,GT3,T,0.0,1.0,at_home,other,course,3.0,other,1.0,2.0,no,yes,no,no,no,no,no,no,3.0,4.0,2.0,1.0,1.0,5.0,2.0,8.0,7.0,9.0,8.90625
GP,M,18.0,R,GT3,T,2.0,2.0,services,other,reputation,2.0,mother,1.0,1.0,no,yes,no,yes,yes,yes,yes,no,3.0,3.0,3.0,1.0,2.0,4.0,0.0,4.0,7.0,0.0,0.0625
GP,M,16.0,R,GT3,T,4.0,4.0,teacher,teacher,course,0.0,mother,1.0,1.0,no,no,yes,yes,yes,yes,yes,no,3.0,5.0,5.0,2.0,5.0,4.0,8.0,18.0,18.0,18.0,18.109375
GP,F,15.0,R,GT3,T,3.0,4.0,services,teacher,course,2.0,father,2.0,3.0,no,yes,no,no,yes,yes,yes,yes,4.0,2.0,2.0,2.0,2.0,5.0,0.0,0.0,12.0,0.0,0.1484375
GP,F,15.0,U,GT3,T,1.0,1.0,at_home,other,course,0.0,mother,3.0,1.0,no,yes,no,yes,no,yes,yes,yes,4.0,3.0,3.0,1.0,2.0,4.0,0.0,0.0,8.0,0.0,0.125
GP,F,17.0,U,LE3,T,2.0,2.0,other,other,course,0.0,father,1.0,1.0,no,yes,no,no,yes,yes,yes,yes,3.0,4.0,4.0,1.0,3.0,5.0,12.0,13.0,10.0,12.0,12.53125
GP,F,16.0,U,GT3,A,3.0,4.0,services,other,course,0.0,father,1.0,1.0,no,no,no,no,yes,yes,yes,no,3.0,2.0,1.0,1.0,4.0,5.0,16.0,11.0,12.0,11.0,11.234375
GP,M,15.0,R,GT3,T,3.0,4.0,at_home,teacher,course,0.0,mother,4.0,2.0,no,yes,no,no,yes,yes,no,yes,5.0,3.0,3.0,1.0,1.0,5.0,0.0,0.0,9.0,0.0,0.28125
GP,F,15.0,U,GT3,T,4.0,4.0,services,at_home,course,0.0,mother,1.0,3.0,no,yes,no,yes,yes,yes,yes,yes,4.0,3.0,3.0,1.0,1.0,5.0,0.0,0.0,11.0,0.0,0.1953125
GP,M,17.0,R,GT3,T,3.0,4.0,at_home,other,course,0.0,mother,3.0,2.0,no,no,no,no,yes,yes,no,no,5.0,4.0,5.0,2.0,4.0,5.0,0.0,0.0,10.0,0.0,0.3125
GP,F,16.0,U,GT3,A,3.0,3.0,other,other,course,2.0,other,2.0,1.0,no,yes,no,yes,no,yes,yes,yes,4.0,3.0,2.0,1.0,1.0,5.0,0.0,0.0,4.0,0.0,0.0
GP,M,16.0,U,LE3,T,1.0,1.0,services,other,course,1.0,mother,1.0,2.0,no,no,no,no,yes,yes,no,yes,4.0,4.0,4.0,1.0,3.0,5.0,0.0,12.0,14.0,12.0,11.9453125
GP,F,15.0,U,GT3,T,4.0,4.0,teacher,teacher,course,0.0,mother,2.0,1.0,no,no,no,yes,yes,yes,yes,no,4.0,3.0,2.0,1.0,1.0,5.0,0.0,16.0,16.0,15.0,15.3828125
GP,M,15.0,U,GT3,T,4.0,3.0,teacher,services,course,0.0,father,2.0,4.0,yes,yes,no,no,yes,yes,yes,no,2.0,2.0,2.0,1.0,1.0,3.0,0.0,9.0,7.0,0.0,3.1328125
GP,M,16.0,U,LE3,T,2.0,2.0,services,services,reputation,2.0,father,2.0,1.0,no,yes,no,yes,yes,yes,yes,no,2.0,3.0,3.0,2.0,2.0,2.0,8.0,9.0,9.0,9.0,8.8515625
GP,F,15.0,U,GT3,T,4.0,4.0,teacher,services,course,0.0,mother,1.0,3.0,no,yes,yes,yes,yes,yes,yes,no,4.0,2.0,2.0,1.0,1.0,5.0,2.0,11.0,9.0,11.0,10.9609375
GP,F,16.0,U,LE3,T,1.0,1.0,at_home,at_home,course,0.0,mother,1.0,1.0,no,no,no,no,yes,yes,yes,no,3.0,4.0,4.0,3.0,3.0,1.0,2.0,14.0,14.0,13.0,13.40625
GP,M,17.0,U,GT3,T,2.0,1.0,other,other,home,3.0,mother,1.0,1.0,no,yes,no,no,yes,yes,yes,no,5.0,4.0,5.0,1.0,2.0,5.0,0.0,0.0,5.0,0.0,0.0
GP,F,15.0,U,GT3,T,1.0,1.0,other,services,course,0.0,father,1.0,2.0,no,yes,yes,no,yes,yes,yes,no,4.0,4.0,2.0,1.0,2.0,5.0,0.0,11.0,8.0,11.0,10.9765625
GP,F,15.0,U,GT3,T,3.0,2.0,health,services,home,3.0,father,1.0,2.0,no,yes,no,no,yes,yes,yes,no,3.0,3.0,2.0,1.0,1.0,3.0,0.0,7.0,6.0,0.0,1.5078125
GP,F,15.0,U,GT3,T,1.0,2.0,at_home,other,course,0.0,mother,1.0,2.0,no,yes,yes,no,no,yes,yes,no,4.0,3.0,2.0,1.0,1.0,5.0,2.0,11.0,10.0,11.0,11.0625
GP,M,16.0,U,GT3,T,4.0,4.0,teacher,teacher,course,0.0,mother,1.0,1.0,no,yes,no,no,yes,no,yes,yes,3.0,3.0,2.0,2.0,1.0,5.0,0.0,6.0,7.0,0.0,0.8671875
GP,M,15.0,U,LE3,A,2.0,1.0,services,other,course,3.0,mother,4.0,1.0,no,no,no,no,yes,yes,yes,no,4.0,5.0,5.0,2.0,5.0,5.0,0.0,9.0,8.0,10.0,8.859375
GP,M,18.0,U,LE3,T,1.0,1.0,other,other,course,3.0,mother,1.0,1.0,no,no,no,no,yes,no,yes,yes,2.0,3.0,5.0,2.0,5.0,4.0,0.0,5.0,6.0,0.0,0.0546875
GP,M,16.0,U,LE3,T,2.0,1.0,at_home,other,course,1.0,mother,1.0,1.0,no,no,no,yes,yes,yes,no,yes,4.0,4.0,4.0,3.0,5.0,5.0,6.0,13.0,12.0,14.0,13.328125
GP,F,15.0,R,GT3,T,3.0,3.0,services,services,reputation,2.0,other,2.0,3.0,no,yes,yes,yes,yes,yes,yes,yes,4.0,2.0,1.0,2.0,3.0,3.0,8.0,10.0,10.0,10.0,9.96875
GP,M,19.0,U,GT3,T,3.0,2.0,services,at_home,home,3.0,mother,1.0,1.0,no,yes,no,no,yes,no,yes,yes,4.0,5.0,4.0,1.0,1.0,4.0,0.0,0.0,5.0,0.0,0.171875
GP,F,17.0,U,GT3,T,4.0,4.0,other,teacher,course,0.0,mother,1.0,1.0,yes,yes,no,no,yes,yes,no,yes,4.0,2.0,1.0,1.0,1.0,4.0,0.0,11.0,11.0,12.0,11.546875
GP,M,15.0,R,GT3,T,2.0,3.0,at_home,services,course,0.0,mother,1.0,2.0,yes,no,yes,yes,yes,yes,no,no,4.0,4.0,4.0,1.0,1.0,1.0,2.0,8.0,11.0,8.0,8.0625
GP,M,17.0,R,LE3,T,1.0,2.0,other,other,reputation,0.0,mother,1.0,1.0,no,no,no,no,yes,yes,no,no,2.0,2.0,2.0,3.0,3.0,5.0,8.0,12.0,16.0,13.0,12.7421875
GP,F,18.0,R,GT3,T,1.0,1.0,at_home,other,course,3.0,mother,3.0,1.0,no,yes,no,yes,no,yes,no,no,5.0,2.0,5.0,1.0,5.0,4.0,6.0,8.0,9.0,10.0,9.34375
GP,M,16.0,R,GT3,T,2.0,2.0,at_home,other,course,0.0,mother,3.0,1.0,no,no,no,no,no,yes,no,no,4.0,2.0,2.0,1.0,2.0,3.0,2.0,15.0,17.0,15.0,15.0859375
GP,M,16.0,U,GT3,T,3.0,3.0,other,services,course,1.0,father,1.0,2.0,no,yes,yes,no,yes,yes,yes,yes,4.0,5.0,5.0,4.0,4.0,5.0,4.0,12.0,10.0,12.0,11.75
GP,M,17.0,R,LE3,T,2.0,1.0,at_home,other,course,2.0,mother,2.0,1.0,no,no,no,yes,yes,no,yes,yes,3.0,3.0,2.0,2.0,2.0,5.0,0.0,6.0,7.0,0.0,0.25
GP,M,15.0,R,GT3,T,3.0,2.0,other,other,course,2.0,mother,2.0,2.0,yes,yes,no,no,yes,yes,yes,yes,4.0,4.0,4.0,1.0,4.0,3.0,6.0,9.0,5.0,7.0,7.6796875
GP,M,16.0,U,LE3,T,1.0,2.0,other,other,course,1.0,mother,2.0,1.0,no,no,no,yes,yes,yes,no,no,4.0,4.0,4.0,2.0,4.0,5.0,0.0,0.0,7.0,0.0,0.046875
GP,M,17.0,U,GT3,T,1.0,3.0,at_home,services,course,0.0,father,1.0,1.0,no,no,no,no,yes,no,yes,no,5.0,3.0,3.0,1.0,4.0,2.0,2.0,10.0,10.0,10.0,10.1171875
GP,M,17.0,R,LE3,T,1.0,1.0,other,services,course,3.0,mother,4.0,2.0,no,no,no,yes,yes,no,no,yes,5.0,3.0,5.0,1.0,5.0,5.0,0.0,8.0,5.0,7.0,6.3828125
GP,M,16.0,U,GT3,T,3.0,2.0,services,services,course,1.0,mother,2.0,1.0,no,yes,no,yes,no,no,no,no,4.0,5.0,2.0,1.0,1.0,2.0,16.0,11.0,12.0,12.0,11.71875
GP,M,16.0,U,GT3,T,2.0,2.0,other,other,course,0.0,father,1.0,2.0,no,no,no,no,yes,no,yes,no,4.0,3.0,5.0,2.0,4.0,4.0,4.0,10.0,10.0,10.0,9.984375
GP,F,16.0,U,GT3,T,4.0,2.0,health,services,home,0.0,father,1.0,2.0,no,no,yes,no,yes,yes,yes,yes,4.0,2.0,3.0,1.0,1.0,3.0,0.0,15.0,14.0,16.0,15.7578125
GP,F,16.0,U,GT3,T,2.0,2.0,other,other,home,0.0,mother,1.0,2.0,no,yes,yes,no,no,yes,yes,no,5.0,1.0,5.0,1.0,1.0,4.0,0.0,7.0,6.0,0.0,2.0625
GP,F,16.0,U,GT3,T,4.0,4.0,health,health,reputation,0.0,mother,1.0,2.0,no,yes,yes,no,yes,yes,yes,yes,4.0,4.0,2.0,1.0,1.0,3.0,0.0,14.0,14.0,14.0,14.0625
GP,M,16.0,U,GT3,T,3.0,4.0,other,other,course,2.0,father,3.0,1.0,no,yes,no,yes,no,yes,yes,no,3.0,4.0,5.0,2.0,4.0,2.0,0.0,5.0,6.0,0.0,0.109375
GP,M,16.0,U,GT3,T,1.0,0.0,other,other,reputation,0.0,mother,2.0,2.0,no,yes,yes,yes,yes,yes,yes,yes,4.0,3.0,2.0,1.0,1.0,3.0,2.0,15.0,13.0,16.0,15.625
GP,M,17.0,U,LE3,T,4.0,4.0,teacher,other,reputation,0.0,mother,1.0,2.0,no,yes,yes,yes,yes,yes,yes,no,4.0,4.0,4.0,1.0,3.0,5.0,0.0,11.0,13.0,10.0,10.5703125
GP,F,16.0,U,GT3,T,1.0,3.0,at_home,services,home,3.0,mother,1.0,2.0,no,no,no,yes,no,yes,yes,yes,4.0,3.0,5.0,1.0,1.0,3.0,0.0,7.0,8.0,0.0,2.1640625
GP,F,16.0,U,LE3,T,3.0,3.0,other,other,reputation,0.0,mother,2.0,2.0,no,yes,yes,yes,yes,yes,yes,no,4.0,4.0,5.0,1.0,1.0,4.0,4.0,11.0,10.0,9.0,9.75
GP,M,17.0,U,LE3,T,4.0,3.0,teacher,other,course,0.0,mother,2.0,2.0,no,no,yes,yes,yes,yes,yes,no,4.0,4.0,4.0,4.0,4.0,4.0,4.0,9.0,10.0,9.0,9.2578125
GP,F,16.0,U,GT3,T,2.0,2.0,services,other,reputation,0.0,mother,2.0,2.0,no,no,yes,yes,no,yes,yes,no,3.0,4.0,4.0,1.0,4.0,5.0,2.0,13.0,13.0,11.0,11.59375
GP,M,17.0,U,GT3,T,3.0,3.0,other,other,reputation,0.0,father,1.0,2.0,no,no,no,yes,no,yes,yes,no,4.0,3.0,4.0,1.0,4.0,4.0,4.0,5.0,6.0,6.0,6.078125
GP,M,16.0,R,GT3,T,4.0,2.0,teacher,services,other,0.0,mother,1.0,1.0,no,yes,no,yes,yes,yes,yes,yes,4.0,3.0,3.0,3.0,4.0,3.0,10.0,8.0,10.0,9.0,8.7578125
GP,M,17.0,U,GT3,T,4.0,3.0,other,other,course,0.0,mother,1.0,2.0,no,yes,no,yes,yes,yes,yes,yes,5.0,2.0,3.0,1.0,1.0,2.0,4.0,10.0,10.0,11.0,10.5625
GP,M,16.0,U,GT3,T,4.0,3.0,teacher,other,home,0.0,mother,1.0,2.0,no,yes,yes,yes,yes,yes,yes,no,3.0,4.0,3.0,2.0,3.0,3.0,10.0,8.0,9.0,8.0,8.265625
GP,M,16.0,U,GT3,T,3.0,3.0,services,other,home,0.0,mother,1.0,2.0,no,no,yes,yes,yes,yes,yes,yes,4.0,2.0,3.0,1.0,2.0,3.0,2.0,13.0,12.0,12.0,12.421875
GP,F,17.0,U,GT3,T,2.0,4.0,services,services,reputation,0.0,father,1.0,2.0,no,yes,no,yes,yes,yes,no,no,5.0,4.0,2.0,2.0,3.0,5.0,0.0,17.0,16.0,17.0,17.328125
GP,F,17.0,U,LE3,T,3.0,3.0,other,other,reputation,0.0,mother,1.0,2.0,no,yes,no,yes,yes,yes,yes,yes,5.0,3.0,3.0,2.0,3.0,1.0,56.0,9.0,9.0,8.0,8.5859375
GP,F,16.0,U,GT3,T,3.0,2.0,other,other,reputation,0.0,mother,1.0,2.0,no,yes,yes,no,yes,yes,yes,no,1.0,2.0,2.0,1.0,2.0,1.0,14.0,13.0,12.0,12.0,12.3671875
GP,M,17.0,U,GT3,T,3.0,3.0,services,services,other,0.0,mother,1.0,2.0,no,yes,no,yes,yes,yes,yes,yes,4.0,3.0,4.0,2.0,3.0,4.0,12.0,12.0,12.0,11.0,11.203125
GP,M,16.0,U,GT3,T,1.0,2.0,services,services,other,0.0,mother,1.0,1.0,no,yes,yes,yes,yes,yes,yes,yes,3.0,3.0,3.0,1.0,2.0,3.0,2.0,12.0,11.0,11.0,11.2109375
GP,M,16.0,U,LE3,T,2.0,1.0,other,other,course,0.0,mother,1.0,2.0,no,no,yes,yes,yes,yes,yes,yes,4.0,2.0,3.0,1.0,2.0,5.0,0.0,15.0,15.0,15.0,15.125
GP,F,17.0,U,GT3,A,3.0,3.0,health,other,reputation,0.0,mother,1.0,2.0,no,yes,no,no,no,yes,yes,yes,3.0,3.0,3.0,1.0,3.0,3.0,6.0,7.0,8.0,9.0,8.4140625
GP,M,17.0,R,GT3,T,1.0,2.0,at_home,other,home,0.0,mother,1.0,2.0,no,no,no,no,yes,yes,no,no,3.0,1.0,3.0,1.0,5.0,3.0,4.0,9.0,8.0,10.0,9.796875
GP,F,16.0,U,GT3,T,2.0,3.0,services,services,course,0.0,mother,1.0,2.0,no,no,no,no,yes,yes,yes,no,4.0,3.0,3.0,1.0,1.0,2.0,10.0,12.0,11.0,13.0,12.5390625
GP,F,17.0,U,GT3,T,1.0,1.0,at_home,services,course,0.0,mother,1.0,2.0,no,no,no,yes,yes,yes,yes,no,5.0,3.0,3.0,1.0,1.0,3.0,0.0,8.0,8.0,9.0,6.8203125
GP,M,17.0,U,GT3,T,1.0,2.0,at_home,services,other,0.0,other,2.0,2.0,no,no,yes,yes,no,yes,yes,no,4.0,4.0,4.0,4.0,5.0,5.0,12.0,8.0,7.0,8.0,8.21875
GP,M,16.0,R,GT3,T,3.0,3.0,services,services,reputation,0.0,mother,1.0,1.0,no,yes,no,yes,yes,yes,yes,no,4.0,3.0,2.0,3.0,4.0,5.0,8.0,9.0,8.0,10.0,9.5546875
GP,M,16.0,U,GT3,T,2.0,3.0,other,other,home,0.0,father,2.0,1.0,no,no,no,no,yes,yes,yes,no,5.0,3.0,3.0,1.0,1.0,3.0,0.0,14.0,13.0,14.0,13.890625
GP,F,17.0,U,LE3,T,2.0,4.0,services,services,course,0.0,father,1.0,2.0,no,no,no,yes,yes,yes,yes,yes,4.0,3.0,2.0,1.0,1.0,5.0,0.0,15.0,14.0,15.0,15.234375
GP,M,17.0,U,GT3,T,4.0,4.0,services,teacher,home,0.0,mother,1.0,1.0,no,no,no,no,yes,yes,yes,no,5.0,2.0,3.0,1.0,2.0,5.0,4.0,15.0,17.0,16.0,15.8515625
GP,M,16.0,R,LE3,T,3.0,3.0,teacher,other,home,0.0,father,3.0,1.0,no,yes,yes,yes,yes,yes,yes,no,3.0,3.0,4.0,3.0,5.0,3.0,8.0,9.0,9.0,10.0,9.6953125
GP,F,17.0,U,GT3,T,4.0,4.0,services,teacher,home,1.0,mother,2.0,1.0,no,yes,no,no,yes,yes,yes,no,4.0,2.0,4.0,2.0,3.0,2.0,24.0,18.0,18.0,18.0,18.0234375
GP,F,16.0,U,LE3,T,4.0,4.0,teacher,teacher,reputation,0.0,mother,1.0,2.0,no,yes,yes,no,yes,yes,yes,no,4.0,5.0,2.0,1.0,2.0,3.0,0.0,9.0,9.0,10.0,9.15625
GP,F,16.0,U,GT3,T,4.0,3.0,health,other,home,0.0,mother,1.0,2.0,no,yes,no,yes,yes,yes,yes,no,4.0,3.0,5.0,1.0,5.0,2.0,2.0,16.0,16.0,16.0,16.0546875
GP,F,16.0,U,GT3,T,2.0,3.0,other,other,reputation,0.0,mother,1.0,2.0,yes,yes,yes,yes,yes,yes,no,no,4.0,4.0,3.0,1.0,3.0,4.0,6.0,10.0,8.0,10.0,9.9921875
GP,F,17.0,U,GT3,T,1.0,1.0,other,other,course,0.0,mother,1.0,2.0,no,yes,yes,no,no,yes,no,no,4.0,4.0,4.0,1.0,3.0,1.0,4.0,9.0,9.0,10.0,9.953125
GP,F,17.0,R,GT3,T,2.0,2.0,other,other,reputation,0.0,mother,1.0,1.0,no,yes,no,no,yes,yes,yes,no,5.0,3.0,2.0,1.0,2.0,3.0,18.0,6.0,7.0,6.0,5.921875
GP,F,16.0,R,GT3,T,2.0,2.0,services,services,reputation,0.0,mother,2.0,4.0,no,yes,yes,yes,no,yes,yes,no,5.0,3.0,5.0,1.0,1.0,5.0,6.0,10.0,10.0,11.0,10.6015625
GP,F,17.0,U,GT3,T,3.0,4.0,at_home,services,home,1.0,mother,1.0,3.0,no,yes,yes,no,yes,yes,yes,yes,4.0,4.0,3.0,3.0,4.0,5.0,28.0,9.0,10.0,9.0,9.0703125
GP,F,16.0,U,GT3,A,3.0,1.0,services,other,course,3.0,mother,1.0,2.0,no,yes,yes,no,yes,yes,yes,no,2.0,3.0,3.0,2.0,2.0,4.0,5.0,7.0,7.0,7.0,6.765625
GP,F,16.0,U,GT3,T,4.0,3.0,teacher,other,other,0.0,mother,1.0,2.0,no,no,yes,yes,yes,yes,yes,yes,1.0,3.0,2.0,1.0,1.0,1.0,10.0,12.0,11.0,13.0,12.6796875
GP,F,16.0,U,GT3,T,1.0,1.0,at_home,other,home,0.0,mother,2.0,1.0,no,yes,yes,no,yes,yes,no,no,4.0,3.0,2.0,1.0,4.0,5.0,6.0,9.0,9.0,10.0,9.859375
GP,F,17.0,R,GT3,T,4.0,3.0,teacher,other,reputation,0.0,mother,2.0,3.0,no,yes,yes,yes,yes,yes,yes,yes,4.0,4.0,2.0,1.0,1.0,4.0,6.0,7.0,7.0,7.0,7.1953125
GP,F,19.0,U,GT3,T,3.0,3.0,other,other,reputation,0.0,other,1.0,4.0,no,yes,yes,yes,yes,yes,yes,no,4.0,3.0,3.0,1.0,2.0,3.0,10.0,8.0,8.0,8.0,7.9765625
GP,M,17.0,U,LE3,T,4.0,4.0,services,other,home,0.0,mother,1.0,2.0,no,yes,yes,no,yes,yes,yes,yes,5.0,3.0,5.0,4.0,5.0,3.0,13.0,12.0,12.0,13.0,12.484375
GP,F,16.0,U,GT3,A,2.0,2.0,other,other,reputation,0.0,mother,1.0,2.0,yes,yes,yes,no,yes,yes,yes,no,3.0,3.0,4.0,1.0,1.0,4.0,0.0,13.0,12.0,14.0,13.8203125
GP,M,18.0,U,GT3,T,2.0,2.0,services,other,home,1.0,mother,1.0,2.0,no,yes,yes,yes,yes,yes,yes,no,4.0,4.0,4.0,2.0,4.0,5.0,15.0,7.0,6.0,8.0,7.5546875
GP,F,17.0,R,LE3,T,4.0,4.0,services,other,other,0.0,mother,1.0,1.0,no,yes,yes,no,yes,yes,no,no,5.0,2.0,1.0,1.0,2.0,3.0,12.0,10.0,8.0,10.0,10.078125
GP,F,17.0,U,LE3,T,3.0,2.0,other,other,reputation,0.0,mother,2.0,2.0,no,no,yes,no,yes,yes,yes,no,4.0,4.0,4.0,1.0,3.0,1.0,2.0,15.0,14.0,15.0,15.0625
GP,F,17.0,U,GT3,T,4.0,3.0,other,other,reputation,2.0,mother,1.0,2.0,no,no,yes,no,yes,yes,yes,yes,3.0,4.0,5.0,2.0,4.0,1.0,22.0,6.0,6.0,4.0,4.703125
GP,M,18.0,U,LE3,T,3.0,3.0,services,health,home,1.0,father,1.0,2.0,no,yes,yes,no,yes,yes,yes,no,3.0,2.0,4.0,2.0,4.0,4.0,13.0,6.0,6.0,8.0,6.9765625
GP,F,17.0,U,GT3,T,2.0,3.0,at_home,other,home,0.0,father,2.0,1.0,no,yes,yes,no,yes,yes,no,no,3.0,3.0,3.0,1.0,4.0,3.0,3.0,7.0,7.0,8.0,7.7734375
GP,F,17.0,U,GT3,T,2.0,2.0,at_home,at_home,course,0.0,mother,1.0,3.0,no,yes,yes,yes,yes,yes,yes,no,4.0,3.0,3.0,1.0,1.0,4.0,4.0,10.0,9.0,10.0,9.8828125
GP,F,17.0,R,GT3,T,2.0,1.0,at_home,services,reputation,0.0,mother,2.0,2.0,no,yes,no,yes,yes,yes,yes,no,4.0,2.0,5.0,1.0,2.0,5.0,2.0,6.0,6.0,6.0,5.8515625
GP,F,17.0,U,GT3,T,1.0,1.0,at_home,other,reputation,1.0,mother,1.0,3.0,no,yes,no,yes,yes,yes,no,yes,4.0,3.0,4.0,1.0,1.0,5.0,0.0,5.0,6.0,0.0,0.109375
GP,F,16.0,U,GT3,T,2.0,3.0,services,teacher,other,0.0,mother,1.0,2.0,yes,no,no,no,yes,yes,yes,no,2.0,3.0,1.0,1.0,1.0,3.0,2.0,16.0,16.0,17.0,16.578125
GP,M,18.0,U,GT3,T,2.0,2.0,other,other,home,0.0,mother,2.0,2.0,no,yes,yes,no,yes,yes,yes,no,3.0,3.0,3.0,5.0,5.0,4.0,0.0,13.0,12.0,13.0,12.9140625
GP,F,16.0,U,GT3,T,4.0,4.0,teacher,services,home,0.0,mother,1.0,3.0,no,yes,no,yes,no,yes,yes,no,5.0,3.0,2.0,1.0,1.0,5.0,0.0,13.0,13.0,14.0,13.75
GP,F,18.0,R,GT3,T,3.0,1.0,other,other,reputation,1.0,mother,1.0,2.0,no,no,no,yes,yes,yes,yes,yes,5.0,3.0,3.0,1.0,1.0,4.0,16.0,8.0,9.0,7.0,7.6015625
GP,F,17.0,U,GT3,T,3.0,2.0,other,other,course,0.0,mother,1.0,2.0,no,no,no,yes,no,yes,yes,no,5.0,3.0,4.0,1.0,3.0,3.0,10.0,15.0,16.0,15.0,15.140625
GP,M,17.0,U,LE3,T,2.0,3.0,services,services,reputation,0.0,father,1.0,2.0,no,yes,yes,no,no,yes,yes,no,5.0,3.0,3.0,1.0,3.0,3.0,2.0,11.0,12.0,12.0,11.6484375
GP,M,18.0,U,LE3,T,2.0,1.0,at_home,other,course,0.0,mother,4.0,2.0,yes,yes,yes,yes,yes,yes,yes,yes,4.0,3.0,2.0,4.0,5.0,3.0,14.0,8.0,10.0,9.0,9.0859375
GP,F,17.0,U,GT3,A,2.0,1.0,other,other,course,0.0,mother,2.0,3.0,no,no,no,yes,yes,yes,yes,yes,3.0,2.0,3.0,1.0,2.0,3.0,10.0,10.0,12.0,12.0,11.40625
GP,F,17.0,U,LE3,T,4.0,3.0,health,other,reputation,0.0,father,1.0,2.0,no,no,no,yes,yes,yes,yes,yes,3.0,2.0,3.0,1.0,2.0,3.0,14.0,13.0,13.0,14.0,13.5546875
GP,M,17.0,R,GT3,T,2.0,2.0,other,other,course,0.0,father,2.0,2.0,no,yes,yes,yes,yes,yes,yes,no,4.0,5.0,2.0,1.0,1.0,1.0,4.0,11.0,11.0,11.0,10.8828125
GP,M,17.0,U,GT3,T,4.0,4.0,teacher,teacher,reputation,0.0,mother,1.0,2.0,yes,yes,no,yes,yes,yes,yes,yes,4.0,5.0,5.0,1.0,3.0,2.0,14.0,9.0,11.0,9.0,8.9765625
GP,M,16.0,U,GT3,T,4.0,4.0,health,other,reputation,0.0,father,1.0,2.0,no,yes,yes,yes,yes,yes,yes,no,4.0,2.0,4.0,2.0,4.0,1.0,2.0,13.0,14.0,13.0,12.9609375
GP,M,16.0,U,LE3,T,1.0,1.0,other,other,home,0.0,mother,2.0,2.0,no,yes,yes,no,yes,yes,yes,no,3.0,4.0,2.0,1.0,1.0,5.0,18.0,7.0,9.0,6.0,6.4609375
GP,M,16.0,U,GT3,T,3.0,2.0,at_home,other,reputation,0.0,mother,2.0,3.0,no,no,no,yes,yes,yes,yes,yes,5.0,3.0,3.0,1.0,3.0,2.0,10.0,9.0,11.0,10.0,9.765625
GP,M,17.0,U,LE3,T,2.0,2.0,other,other,home,0.0,father,1.0,2.0,no,no,yes,yes,no,yes,yes,yes,4.0,4.0,2.0,5.0,5.0,4.0,4.0,13.0,14.0,13.0,12.8671875
GP,F,16.0,U,GT3,T,2.0,1.0,other,other,home,0.0,mother,1.0,1.0,no,no,no,no,yes,yes,yes,yes,4.0,5.0,2.0,1.0,1.0,5.0,20.0,12.0,13.0,12.0,11.984375
GP,F,17.0,R,GT3,T,2.0,1.0,at_home,services,course,0.0,mother,3.0,2.0,no,no,no,yes,yes,yes,no,no,2.0,1.0,1.0,1.0,1.0,3.0,2.0,11.0,13.0,11.0,11.109375
GP,M,18.0,U,GT3,T,2.0,2.0,other,services,reputation,1.0,father,1.0,2.0,no,no,no,no,yes,no,yes,no,5.0,5.0,4.0,3.0,5.0,2.0,0.0,7.0,7.0,0.0,1.4921875
GP,M,17.0,U,LE3,T,4.0,3.0,health,other,course,0.0,mother,2.0,2.0,no,no,no,yes,yes,yes,yes,yes,2.0,5.0,5.0,1.0,4.0,5.0,14.0,12.0,12.0,12.0,11.875
GP,M,17.0,R,LE3,A,4.0,4.0,teacher,other,course,0.0,mother,2.0,2.0,no,yes,yes,no,yes,yes,yes,no,3.0,3.0,3.0,2.0,3.0,4.0,2.0,11.0,10.0,12.0,11.359375
GP,M,16.0,U,LE3,T,4.0,3.0,teacher,other,course,0.0,mother,1.0,1.0,no,no,no,yes,no,yes,yes,no,5.0,4.0,5.0,1.0,1.0,3.0,0.0,0.0,6.0,0.0,0.109375
GP,M,16.0,U,GT3,T,4.0,4.0,services,services,course,0.0,mother,1.0,1.0,no,no,no,yes,yes,yes,yes,no,5.0,3.0,2.0,1.0,2.0,5.0,0.0,12.0,13.0,12.0,12.171875
GP,F,18.0,U,GT3,T,2.0,1.0,other,other,course,0.0,other,2.0,3.0,no,yes,yes,no,no,yes,yes,yes,4.0,4.0,4.0,1.0,1.0,3.0,0.0,0.0,7.0,0.0,0.3125
GP,M,16.0,U,GT3,T,2.0,1.0,other,other,course,0.0,mother,3.0,1.0,no,no,no,no,yes,yes,yes,no,4.0,3.0,3.0,1.0,1.0,4.0,6.0,18.0,18.0,18.0,18.1640625
GP,M,17.0,U,GT3,T,2.0,3.0,other,other,course,0.0,father,2.0,1.0,no,no,no,no,yes,yes,yes,no,5.0,2.0,2.0,1.0,1.0,2.0,4.0,12.0,12.0,13.0,12.8828125
GP,M,22.0,U,GT3,T,3.0,1.0,services,services,other,3.0,mother,1.0,1.0,no,no,no,no,no,no,yes,yes,5.0,4.0,5.0,5.0,5.0,1.0,16.0,8.0,6.0,8.0,8.1171875
GP,M,18.0,R,LE3,T,3.0,3.0,other,services,course,1.0,mother,1.0,2.0,no,yes,no,no,yes,yes,yes,yes,4.0,3.0,3.0,1.0,3.0,5.0,8.0,5.0,3.0,5.0,5.5625
GP,M,16.0,U,GT3,T,0.0,2.0,other,other,other,0.0,mother,1.0,1.0,no,no,yes,no,no,yes,yes,no,4.0,3.0,2.0,2.0,4.0,5.0,0.0,15.0,13.0,15.0,14.9765625
GP,M,18.0,U,GT3,T,3.0,2.0,services,other,course,1.0,mother,2.0,1.0,no,no,no,no,yes,no,yes,no,4.0,4.0,5.0,2.0,4.0,5.0,0.0,8.0,6.0,8.0,6.5390625
GP,M,16.0,U,GT3,T,3.0,3.0,at_home,other,reputation,0.0,other,3.0,2.0,yes,yes,no,no,no,yes,yes,no,5.0,3.0,3.0,1.0,3.0,2.0,6.0,10.0,7.0,10.0,10.0703125
GP,M,18.0,U,GT3,T,2.0,1.0,services,services,other,1.0,mother,1.0,1.0,no,no,no,no,no,no,yes,no,3.0,2.0,5.0,2.0,5.0,5.0,4.0,9.0,6.0,8.0,8.265625
GP,M,16.0,R,GT3,T,2.0,1.0,other,other,course,0.0,mother,2.0,1.0,no,no,no,yes,no,yes,no,no,3.0,3.0,2.0,1.0,3.0,3.0,0.0,9.0,8.0,8.0,7.2734375
GP,M,17.0,R,GT3,T,2.0,1.0,other,other,course,0.0,mother,1.0,1.0,no,no,no,no,no,yes,yes,no,4.0,4.0,2.0,2.0,4.0,5.0,0.0,12.0,8.0,12.0,11.8203125
GP,M,17.0,U,LE3,T,1.0,1.0,health,other,course,1.0,mother,2.0,1.0,no,yes,no,yes,yes,yes,yes,no,4.0,4.0,4.0,1.0,2.0,5.0,2.0,9.0,7.0,8.0,8.4765625
GP,F,17.0,U,LE3,T,4.0,2.0,teacher,services,reputation,0.0,mother,1.0,4.0,no,yes,yes,yes,yes,yes,yes,no,4.0,2.0,3.0,1.0,1.0,4.0,6.0,12.0,14.0,13.0,12.671875
GP,M,19.0,U,LE3,A,4.0,3.0,services,at_home,reputation,0.0,mother,1.0,2.0,no,yes,no,no,yes,yes,yes,no,4.0,3.0,1.0,1.0,1.0,1.0,12.0,11.0,11.0,11.0,11.0078125
GP,M,18.0,U,GT3,T,2.0,1.0,other,other,home,0.0,mother,1.0,2.0,no,no,no,yes,yes,yes,yes,no,5.0,2.0,4.0,1.0,2.0,4.0,8.0,14.0,15.0,14.0,14.0078125
GP,F,17.0,U,LE3,T,2.0,2.0,services,services,course,0.0,father,1.0,4.0,no,no,yes,yes,yes,yes,yes,yes,3.0,4.0,1.0,1.0,1.0,2.0,0.0,9.0,10.0,0.0,2.0703125
GP,F,18.0,U,GT3,T,4.0,3.0,services,other,home,0.0,father,1.0,2.0,no,yes,yes,no,yes,yes,yes,yes,3.0,1.0,2.0,1.0,3.0,2.0,21.0,18.0,17.0,18.0,18.0703125
GP,M,18.0,U,GT3,T,4.0,3.0,teacher,other,course,0.0,mother,1.0,2.0,no,yes,yes,no,no,yes,yes,no,4.0,3.0,2.0,1.0,1.0,3.0,2.0,8.0,8.0,8.0,8.2265625
GP,M,18.0,R,GT3,T,3.0,2.0,other,other,course,0.0,mother,1.0,3.0,no,no,no,yes,no,yes,no,no,5.0,3.0,2.0,1.0,1.0,3.0,1.0,12.0,13.0,12.0,12.1953125
GP,F,17.0,U,GT3,T,3.0,3.0,other,other,home,0.0,mother,1.0,3.0,no,no,no,yes,no,yes,no,no,3.0,2.0,3.0,1.0,1.0,4.0,4.0,9.0,10.0,9.0,9.2421875
GP,F,18.0,U,GT3,T,2.0,2.0,at_home,services,home,0.0,mother,1.0,3.0,no,yes,yes,yes,yes,yes,yes,yes,4.0,3.0,3.0,1.0,1.0,3.0,0.0,10.0,9.0,0.0,2.921875
GP,M,18.0,R,LE3,A,3.0,4.0,other,other,reputation,0.0,mother,2.0,2.0,no,yes,yes,yes,yes,yes,yes,no,4.0,2.0,5.0,3.0,4.0,1.0,13.0,17.0,17.0,17.0,17.3359375
GP,M,17.0,U,GT3,T,3.0,1.0,services,other,other,0.0,mother,1.0,2.0,no,no,yes,yes,yes,yes,yes,yes,5.0,4.0,4.0,3.0,4.0,5.0,2.0,9.0,9.0,10.0,9.8828125
GP,F,18.0,R,GT3,T,4.0,4.0,teacher,other,reputation,0.0,mother,2.0,2.0,no,no,yes,yes,yes,yes,yes,no,4.0,3.0,4.0,2.0,2.0,4.0,8.0,10.0,12.0,11.0,10.7109375
GP,M,18.0,U,GT3,T,4.0,2.0,health,other,reputation,0.0,father,1.0,2.0,no,yes,yes,yes,yes,yes,yes,yes,5.0,4.0,5.0,1.0,3.0,5.0,10.0,9.0,10.0,10.0,9.7578125
GP,F,18.0,R,GT3,T,2.0,1.0,other,other,reputation,0.0,mother,2.0,2.0,no,yes,no,no,yes,no,yes,yes,4.0,3.0,5.0,1.0,2.0,3.0,0.0,0.0,6.0,0.0,0.0
GP,F,19.0,U,GT3,T,3.0,3.0,other,services,home,2.0,other,1.0,2.0,no,yes,yes,yes,yes,yes,yes,no,4.0,3.0,5.0,3.0,3.0,5.0,15.0,9.0,9.0,9.0,8.953125
GP,F,18.0,U,GT3,T,2.0,3.0,other,services,reputation,0.0,father,1.0,4.0,no,yes,yes,yes,yes,yes,yes,yes,4.0,5.0,5.0,1.0,3.0,2.0,4.0,14.0,15.0,14.0,13.9921875
GP,F,18.0,U,LE3,T,1.0,1.0,other,other,home,0.0,mother,2.0,2.0,no,yes,yes,no,no,yes,no,no,4.0,4.0,3.0,1.0,1.0,3.0,2.0,11.0,11.0,11.0,10.78125
GP,M,17.0,R,GT3,T,1.0,2.0,at_home,at_home,home,0.0,mother,1.0,2.0,no,yes,yes,yes,no,yes,no,yes,3.0,5.0,2.0,2.0,2.0,1.0,2.0,14.0,15.0,14.0,14.078125
GP,F,17.0,U,GT3,T,2.0,4.0,at_home,health,reputation,0.0,mother,2.0,2.0,no,yes,yes,no,yes,yes,yes,yes,4.0,3.0,3.0,1.0,1.0,1.0,2.0,10.0,10.0,10.0,9.875
GP,F,17.0,U,LE3,T,2.0,2.0,services,other,course,0.0,mother,2.0,2.0,yes,yes,yes,no,yes,yes,yes,yes,4.0,4.0,4.0,2.0,3.0,5.0,6.0,12.0,12.0,12.0,11.7734375
GP,F,18.0,R,GT3,A,3.0,2.0,other,services,home,0.0,mother,2.0,2.0,no,no,no,no,no,no,yes,yes,4.0,1.0,1.0,1.0,1.0,5.0,75.0,9.0,10.0,9.0,8.9296875
GP,M,18.0,U,GT3,T,4.0,4.0,teacher,services,home,0.0,mother,2.0,1.0,no,no,yes,yes,yes,yes,yes,no,3.0,2.0,4.0,1.0,4.0,3.0,22.0,9.0,9.0,9.0,8.984375
GP,F,18.0,U,GT3,T,4.0,4.0,health,health,reputation,1.0,father,1.0,2.0,yes,yes,no,yes,yes,yes,yes,yes,2.0,4.0,4.0,1.0,1.0,4.0,15.0,8.0,9.0,8.0,7.953125
GP,M,18.0,U,LE3,T,4.0,3.0,teacher,services,course,0.0,mother,2.0,1.0,no,no,yes,yes,yes,yes,yes,no,4.0,2.0,3.0,1.0,2.0,1.0,8.0,11.0,10.0,10.0,10.2578125
GP,M,17.0,U,LE3,A,4.0,1.0,services,other,home,0.0,mother,2.0,1.0,no,no,yes,yes,yes,yes,yes,yes,4.0,5.0,4.0,2.0,4.0,5.0,30.0,8.0,8.0,8.0,8.046875
GP,M,17.0,U,LE3,A,3.0,2.0,teacher,services,home,1.0,mother,1.0,1.0,no,no,no,no,yes,yes,yes,no,4.0,4.0,4.0,3.0,4.0,3.0,19.0,9.0,11.0,10.0,9.59375
GP,F,18.0,R,LE3,T,1.0,1.0,at_home,other,reputation,0.0,mother,2.0,4.0,no,yes,yes,yes,yes,yes,no,no,5.0,2.0,2.0,1.0,1.0,3.0,1.0,12.0,12.0,12.0,12.28125
GP,F,18.0,U,GT3,T,1.0,1.0,other,other,home,0.0,mother,2.0,2.0,yes,no,no,yes,yes,yes,yes,no,5.0,4.0,4.0,1.0,1.0,4.0,4.0,9.0,8.0,10.0,9.8203125
GP,F,17.0,U,GT3,T,2.0,2.0,other,other,course,0.0,mother,1.0,2.0,no,yes,no,no,no,yes,yes,no,5.0,4.0,5.0,1.0,2.0,5.0,4.0,9.0,10.0,11.0,10.375
GP,M,17.0,U,GT3,T,1.0,1.0,other,other,reputation,0.0,father,1.0,2.0,no,no,yes,no,no,yes,yes,no,4.0,3.0,3.0,1.0,2.0,4.0,2.0,10.0,12.0,11.0,10.8671875
GP,F,18.0,U,GT3,T,2.0,2.0,at_home,at_home,other,0.0,mother,1.0,3.0,no,yes,yes,no,yes,yes,yes,no,4.0,3.0,3.0,1.0,2.0,2.0,5.0,18.0,18.0,19.0,18.609375
GP,F,17.0,U,GT3,T,1.0,1.0,services,teacher,reputation,0.0,mother,1.0,3.0,no,yes,yes,no,yes,yes,yes,no,4.0,3.0,3.0,1.0,1.0,3.0,6.0,12.0,13.0,12.0,12.1171875
GP,M,18.0,U,GT3,T,2.0,1.0,services,services,reputation,0.0,mother,1.0,3.0,no,no,yes,yes,yes,yes,yes,no,4.0,2.0,4.0,1.0,3.0,2.0,6.0,14.0,15.0,14.0,14.0703125
GP,M,18.0,U,LE3,A,4.0,4.0,teacher,teacher,reputation,0.0,mother,1.0,2.0,no,yes,yes,yes,yes,yes,yes,no,5.0,4.0,3.0,1.0,1.0,2.0,9.0,13.0,15.0,15.0,14.59375
GP,M,18.0,U,GT3,T,4.0,2.0,teacher,other,home,0.0,mother,1.0,2.0,no,yes,yes,yes,yes,yes,yes,yes,4.0,3.0,2.0,1.0,4.0,5.0,11.0,11.0,12.0,11.0,11.0
GP,F,17.0,U,GT3,T,4.0,3.0,health,services,reputation,0.0,mother,1.0,3.0,no,yes,yes,no,yes,yes,yes,no,4.0,2.0,2.0,1.0,2.0,3.0,0.0,15.0,15.0,15.0,15.1875
GP,F,18.0,U,LE3,T,2.0,1.0,services,at_home,reputation,1.0,mother,1.0,2.0,no,no,no,no,yes,yes,yes,yes,5.0,4.0,3.0,1.0,1.0,5.0,12.0,12.0,12.0,13.0,12.734375
GP,F,17.0,R,LE3,T,3.0,1.0,services,other,reputation,0.0,mother,2.0,4.0,no,yes,yes,no,yes,yes,no,no,3.0,1.0,2.0,1.0,1.0,3.0,6.0,18.0,18.0,18.0,18.25
GP,M,18.0,R,LE3,T,3.0,2.0,services,other,reputation,0.0,mother,2.0,3.0,no,yes,yes,yes,yes,yes,yes,no,5.0,4.0,2.0,1.0,1.0,4.0,8.0,13.0,14.0,14.0,13.8359375
GP,M,17.0,U,GT3,T,3.0,3.0,health,other,home,0.0,mother,1.0,1.0,no,yes,yes,no,yes,yes,yes,no,4.0,4.0,3.0,1.0,3.0,5.0,4.0,12.0,14.0,11.0,11.3671875
GP,F,19.0,U,GT3,T,4.0,4.0,health,other,reputation,0.0,other,2.0,2.0,no,yes,yes,yes,yes,yes,yes,no,2.0,3.0,4.0,2.0,3.0,2.0,0.0,9.0,10.0,0.0,1.28125
GP,F,18.0,U,LE3,T,4.0,3.0,other,other,home,0.0,other,2.0,2.0,no,yes,yes,no,yes,yes,yes,yes,4.0,4.0,5.0,1.0,2.0,2.0,10.0,8.0,10.0,8.0,8.078125
GP,F,18.0,U,GT3,T,4.0,3.0,other,other,reputation,0.0,father,1.0,4.0,no,yes,yes,no,yes,yes,yes,no,4.0,3.0,3.0,1.0,1.0,3.0,0.0,13.0,14.0,14.0,13.8515625
GP,M,18.0,U,LE3,T,4.0,4.0,teacher,teacher,home,0.0,mother,1.0,1.0,no,yes,yes,no,yes,yes,yes,yes,1.0,4.0,2.0,2.0,2.0,1.0,5.0,15.0,16.0,16.0,15.703125
GP,F,18.0,U,LE3,A,4.0,4.0,health,other,home,0.0,mother,1.0,2.0,no,yes,no,no,yes,yes,yes,yes,4.0,2.0,4.0,1.0,1.0,4.0,14.0,10.0,12.0,11.0,10.7734375
GP,M,17.0,U,LE3,T,4.0,4.0,other,teacher,home,0.0,father,2.0,1.0,no,no,yes,no,yes,yes,yes,no,4.0,1.0,1.0,2.0,2.0,5.0,0.0,11.0,11.0,10.0,10.4921875
GP,F,17.0,U,GT3,T,4.0,2.0,other,other,reputation,0.0,mother,2.0,3.0,no,yes,yes,no,yes,yes,yes,no,4.0,3.0,3.0,1.0,1.0,3.0,0.0,12.0,15.0,14.0,13.078125
GP,F,17.0,U,GT3,T,3.0,2.0,health,health,reputation,0.0,father,1.0,4.0,no,yes,yes,yes,no,yes,yes,no,5.0,2.0,2.0,1.0,2.0,5.0,0.0,17.0,17.0,18.0,17.7890625
GP,M,19.0,U,GT3,T,3.0,3.0,other,other,home,1.0,other,1.0,2.0,no,yes,no,yes,yes,yes,yes,yes,4.0,4.0,4.0,1.0,1.0,3.0,20.0,14.0,15.0,13.0,13.359375
GP,F,18.0,U,GT3,T,2.0,4.0,services,at_home,reputation,1.0,other,1.0,2.0,no,yes,yes,yes,yes,yes,yes,no,4.0,4.0,3.0,1.0,1.0,3.0,8.0,12.0,14.0,12.0,12.15625
GP,M,20.0,U,GT3,A,3.0,2.0,services,other,course,0.0,other,1.0,1.0,no,no,no,yes,yes,yes,no,no,5.0,5.0,3.0,1.0,1.0,5.0,0.0,18.0,17.0,18.0,18.0859375
GP,M,19.0,U,GT3,T,4.0,4.0,teacher,services,reputation,1.0,other,2.0,1.0,no,yes,yes,no,yes,yes,yes,yes,4.0,3.0,4.0,1.0,1.0,4.0,38.0,9.0,8.0,8.0,8.296875
GP,M,19.0,R,GT3,T,3.0,3.0,other,services,reputation,1.0,father,1.0,2.0,no,no,no,yes,yes,yes,no,yes,4.0,5.0,3.0,1.0,2.0,5.0,0.0,12.0,15.0,12.0,12.2421875
GP,F,19.0,U,LE3,T,1.0,1.0,at_home,other,reputation,1.0,other,1.0,2.0,yes,yes,no,yes,no,yes,yes,no,4.0,4.0,3.0,1.0,3.0,3.0,18.0,10.0,12.0,10.0,10.1640625
GP,F,19.0,U,LE3,T,1.0,2.0,services,services,home,1.0,other,1.0,2.0,no,no,no,yes,no,yes,no,yes,4.0,2.0,4.0,2.0,2.0,3.0,0.0,9.0,9.0,0.0,0.6953125
GP,F,19.0,U,GT3,T,2.0,1.0,at_home,other,other,0.0,other,3.0,2.0,no,yes,no,no,yes,no,yes,yes,3.0,4.0,1.0,1.0,1.0,2.0,20.0,12.0,14.0,13.0,12.6875
GP,M,19.0,U,GT3,T,1.0,2.0,other,services,course,1.0,other,1.0,2.0,no,no,no,no,no,yes,yes,no,4.0,5.0,2.0,2.0,2.0,4.0,3.0,11.0,13.0,11.0,11.09375
GP,F,19.0,U,LE3,T,3.0,2.0,services,other,reputation,1.0,other,2.0,2.0,no,yes,yes,no,no,yes,yes,yes,4.0,2.0,2.0,1.0,2.0,1.0,22.0,10.0,13.0,11.0,10.7109375
GP,F,19.0,U,GT3,T,1.0,1.0,at_home,health,home,2.0,other,1.0,3.0,no,no,no,no,no,yes,yes,yes,4.0,1.0,2.0,1.0,1.0,3.0,14.0,13.0,15.0,13.0,13.171875
GP,F,19.0,R,GT3,T,2.0,3.0,other,other,reputation,1.0,other,1.0,3.0,no,no,no,no,yes,yes,yes,yes,4.0,1.0,2.0,1.0,1.0,3.0,40.0,11.0,13.0,11.0,11.140625
GP,F,18.0,U,GT3,T,2.0,1.0,services,other,course,0.0,mother,2.0,2.0,no,yes,yes,yes,yes,yes,yes,no,5.0,3.0,3.0,1.0,2.0,1.0,0.0,8.0,8.0,0.0,3.2578125
GP,F,18.0,U,GT3,T,4.0,3.0,other,other,course,0.0,mother,1.0,3.0,no,yes,yes,yes,yes,yes,yes,yes,4.0,3.0,4.0,1.0,1.0,5.0,9.0,10.0,9.0,9.0,9.4765625
GP,F,17.0,R,GT3,T,3.0,4.0,at_home,services,course,0.0,father,1.0,3.0,no,yes,yes,yes,no,yes,yes,no,4.0,3.0,4.0,2.0,5.0,5.0,0.0,11.0,11.0,10.0,10.375
GP,F,18.0,U,GT3,T,4.0,4.0,teacher,other,course,0.0,mother,1.0,2.0,no,yes,yes,no,yes,yes,yes,no,4.0,4.0,4.0,3.0,3.0,5.0,2.0,11.0,11.0,11.0,10.7890625
GP,F,17.0,U,GT3,A,4.0,3.0,services,services,course,0.0,mother,1.0,2.0,no,yes,yes,no,yes,yes,yes,yes,5.0,2.0,2.0,1.0,2.0,5.0,23.0,13.0,13.0,13.0,12.953125
GP,F,17.0,U,GT3,T,2.0,2.0,other,other,course,0.0,mother,1.0,2.0,no,yes,no,no,yes,yes,no,yes,4.0,2.0,2.0,1.0,1.0,3.0,12.0,9.0,11.0,9.0,9.109375
GP,F,17.0,R,LE3,T,2.0,2.0,services,services,course,0.0,mother,1.0,3.0,no,yes,yes,yes,yes,yes,yes,no,3.0,3.0,2.0,2.0,2.0,3.0,3.0,11.0,11.0,11.0,11.015625
GP,F,17.0,U,GT3,T,3.0,1.0,services,services,course,0.0,father,1.0,3.0,no,yes,no,no,no,yes,yes,no,3.0,4.0,3.0,2.0,3.0,5.0,1.0,14.0,12.0,15.0,14.625
GP,F,17.0,U,LE3,T,0.0,2.0,at_home,at_home,home,0.0,father,2.0,3.0,no,no,no,no,yes,yes,yes,no,3.0,3.0,3.0,2.0,3.0,2.0,0.0,15.0,16.0,15.0,15.1953125
GP,M,18.0,U,GT3,T,4.0,4.0,other,other,course,0.0,mother,1.0,3.0,no,no,no,yes,yes,yes,yes,no,4.0,3.0,3.0,2.0,2.0,3.0,3.0,12.0,9.0,11.0,11.25
GP,M,17.0,U,GT3,T,3.0,3.0,other,services,reputation,0.0,mother,1.0,1.0,no,no,no,yes,no,yes,yes,no,4.0,3.0,5.0,3.0,5.0,5.0,3.0,15.0,14.0,16.0,15.6640625
GP,M,17.0,R,GT3,T,2.0,2.0,services,other,course,0.0,mother,4.0,1.0,no,yes,no,no,yes,yes,yes,no,4.0,4.0,5.0,5.0,5.0,4.0,8.0,10.0,11.0,10.0,10.1015625
GP,F,17.0,U,GT3,T,4.0,4.0,teacher,services,course,0.0,mother,1.0,3.0,no,yes,yes,yes,yes,yes,yes,no,5.0,4.0,4.0,1.0,3.0,4.0,7.0,9.0,10.0,9.0,9.140625
GP,F,17.0,U,GT3,T,4.0,4.0,teacher,teacher,course,0.0,mother,2.0,3.0,no,yes,yes,no,no,yes,yes,yes,4.0,3.0,3.0,1.0,2.0,4.0,4.0,14.0,14.0,14.0,14.0703125
GP,M,18.0,U,LE3,T,2.0,2.0,other,other,course,0.0,mother,1.0,4.0,no,yes,no,yes,yes,yes,yes,no,4.0,5.0,5.0,2.0,4.0,5.0,2.0,8.0,9.0,8.0,8.34375
GP,F,17.0,R,GT3,T,2.0,4.0,at_home,other,course,0.0,father,1.0,3.0,no,yes,no,no,yes,yes,yes,yes,4.0,4.0,3.0,1.0,1.0,5.0,7.0,14.0,12.0,14.0,14.125
GP,F,18.0,U,GT3,T,3.0,3.0,services,services,home,0.0,mother,1.0,2.0,no,no,no,yes,yes,yes,yes,no,5.0,3.0,4.0,1.0,1.0,4.0,0.0,0.0,7.0,0.0,0.0
GP,F,18.0,U,LE3,T,2.0,2.0,other,other,home,0.0,other,1.0,2.0,no,no,no,yes,no,yes,yes,yes,4.0,3.0,3.0,1.0,1.0,2.0,0.0,8.0,8.0,0.0,0.4609375
GP,F,18.0,R,GT3,T,2.0,2.0,at_home,other,course,0.0,mother,2.0,4.0,no,no,no,yes,yes,yes,no,no,4.0,4.0,4.0,1.0,1.0,4.0,0.0,9.0,10.0,0.0,2.0078125
GP,F,17.0,U,GT3,T,3.0,4.0,services,other,course,0.0,mother,1.0,3.0,no,no,no,no,yes,yes,yes,no,4.0,4.0,5.0,1.0,3.0,5.0,16.0,15.0,16.0,15.0,15.1875
GP,F,19.0,R,GT3,A,3.0,1.0,services,at_home,home,1.0,other,1.0,3.0,no,no,yes,no,yes,yes,no,no,5.0,4.0,3.0,1.0,2.0,5.0,12.0,13.0,14.0,13.0,12.953125
GP,F,17.0,U,GT3,T,3.0,2.0,other,other,home,0.0,mother,1.0,2.0,no,yes,yes,no,yes,yes,yes,yes,4.0,3.0,2.0,2.0,3.0,2.0,0.0,8.0,7.0,0.0,1.9375
GP,F,18.0,U,LE3,T,3.0,3.0,services,services,home,0.0,mother,1.0,4.0,no,yes,no,no,yes,yes,yes,no,5.0,3.0,3.0,1.0,1.0,1.0,7.0,15.0,16.0,17.0,16.3046875
GP,F,17.0,R,GT3,A,3.0,2.0,other,other,home,0.0,mother,1.0,2.0,no,yes,yes,no,yes,yes,yes,no,4.0,3.0,3.0,2.0,3.0,2.0,4.0,10.0,9.0,10.0,10.1484375
GP,F,19.0,U,GT3,T,2.0,1.0,services,services,home,1.0,other,1.0,3.0,no,no,yes,yes,yes,yes,yes,yes,4.0,3.0,4.0,1.0,3.0,3.0,4.0,12.0,11.0,11.0,11.1953125
GP,M,18.0,U,GT3,T,4.0,4.0,teacher,services,home,1.0,father,1.0,2.0,no,yes,no,yes,yes,yes,yes,no,4.0,3.0,3.0,2.0,2.0,2.0,0.0,10.0,10.0,0.0,2.859375
GP,M,18.0,U,LE3,T,3.0,4.0,services,other,home,0.0,mother,1.0,2.0,no,no,no,yes,yes,yes,yes,yes,4.0,3.0,3.0,1.0,3.0,5.0,11.0,15.0,16.0,15.0,15.25
GP,F,17.0,U,GT3,A,2.0,2.0,at_home,at_home,home,1.0,father,1.0,2.0,no,yes,no,no,yes,yes,yes,yes,3.0,3.0,1.0,1.0,2.0,4.0,0.0,8.0,9.0,0.0,1.21875
GP,F,18.0,U,GT3,T,2.0,3.0,at_home,other,course,0.0,mother,1.0,3.0,no,yes,no,no,yes,yes,yes,no,4.0,3.0,3.0,1.0,2.0,3.0,4.0,10.0,11.0,10.0,10.1328125
GP,F,18.0,U,GT3,T,3.0,2.0,other,services,other,0.0,mother,1.0,3.0,no,no,no,no,yes,yes,yes,yes,5.0,4.0,3.0,2.0,3.0,1.0,7.0,13.0,13.0,14.0,13.453125
GP,M,18.0,R,GT3,T,4.0,3.0,teacher,services,course,0.0,mother,1.0,3.0,no,no,no,no,yes,yes,yes,yes,5.0,3.0,2.0,1.0,2.0,4.0,9.0,15.0,16.0,16.0,15.9140625
GP,M,18.0,U,GT3,T,4.0,3.0,teacher,other,course,0.0,mother,1.0,3.0,no,yes,yes,no,yes,yes,yes,yes,5.0,4.0,5.0,2.0,3.0,5.0,0.0,10.0,10.0,9.0,8.46875
GP,F,17.0,U,GT3,T,4.0,3.0,health,other,reputation,0.0,mother,1.0,3.0,no,yes,yes,yes,yes,yes,yes,yes,4.0,4.0,3.0,1.0,3.0,4.0,0.0,15.0,13.0,15.0,15.1484375
MS,M,18.0,R,GT3,T,3.0,2.0,other,other,course,1.0,mother,2.0,1.0,no,yes,no,no,no,yes,yes,no,2.0,5.0,5.0,5.0,5.0,5.0,10.0,13.0,11.0,13.0,12.71875
MS,M,19.0,R,GT3,T,1.0,1.0,other,services,home,3.0,other,3.0,2.0,no,no,no,no,yes,yes,yes,no,5.0,4.0,4.0,3.0,3.0,2.0,8.0,7.0,8.0,8.0,7.703125
MS,M,17.0,U,GT3,T,3.0,3.0,health,other,course,0.0,mother,2.0,2.0,no,yes,yes,no,yes,yes,yes,no,4.0,5.0,4.0,2.0,3.0,3.0,2.0,13.0,13.0,13.0,13.0
MS,M,18.0,U,LE3,T,1.0,3.0,at_home,services,course,1.0,mother,1.0,1.0,no,no,no,no,yes,no,yes,yes,4.0,3.0,3.0,2.0,3.0,3.0,7.0,7.0,8.0,8.0,7.8125
MS,M,19.0,R,GT3,T,1.0,1.0,other,other,home,1.0,other,3.0,1.0,no,yes,no,no,yes,yes,yes,no,4.0,4.0,4.0,3.0,3.0,5.0,4.0,8.0,8.0,8.0,8.2109375
MS,M,17.0,R,GT3,T,4.0,3.0,services,other,home,0.0,mother,2.0,2.0,no,yes,yes,yes,no,yes,yes,yes,4.0,5.0,5.0,1.0,3.0,2.0,4.0,11.0,13.0,11.0,10.8984375
MS,F,18.0,U,GT3,T,3.0,3.0,services,services,course,0.0,father,1.0,2.0,no,yes,no,no,yes,yes,no,yes,5.0,3.0,4.0,1.0,1.0,5.0,0.0,9.0,10.0,9.0,7.5
MS,F,17.0,R,GT3,T,4.0,4.0,teacher,services,other,0.0,father,2.0,2.0,no,yes,yes,yes,yes,yes,yes,no,4.0,3.0,3.0,1.0,2.0,5.0,4.0,13.0,12.0,13.0,13.015625
MS,F,17.0,U,LE3,A,3.0,2.0,services,other,reputation,0.0,mother,2.0,2.0,no,no,no,no,yes,yes,no,yes,1.0,2.0,3.0,1.0,2.0,5.0,2.0,12.0,12.0,11.0,11.578125
MS,M,18.0,U,LE3,T,1.0,1.0,other,services,home,0.0,father,2.0,1.0,no,no,no,no,no,yes,yes,yes,3.0,3.0,2.0,1.0,2.0,3.0,4.0,10.0,10.0,10.0,9.90625
MS,F,18.0,U,LE3,T,1.0,1.0,at_home,services,course,0.0,father,2.0,3.0,no,no,no,no,yes,yes,yes,no,5.0,3.0,2.0,1.0,1.0,4.0,0.0,16.0,18.0,16.0,16.234375
MS,F,18.0,R,LE3,A,1.0,4.0,at_home,other,course,0.0,mother,3.0,2.0,no,no,no,no,yes,yes,no,yes,4.0,3.0,4.0,1.0,4.0,5.0,0.0,13.0,13.0,13.0,13.0703125
MS,M,18.0,R,LE3,T,1.0,1.0,at_home,other,other,1.0,mother,2.0,2.0,no,no,no,yes,no,no,no,no,4.0,4.0,3.0,2.0,3.0,5.0,2.0,12.0,13.0,12.0,11.859375
MS,F,18.0,U,GT3,T,3.0,3.0,services,services,other,0.0,mother,2.0,2.0,no,yes,no,no,yes,yes,yes,yes,4.0,3.0,2.0,1.0,3.0,3.0,0.0,11.0,11.0,10.0,10.40625
MS,F,17.0,U,LE3,T,4.0,4.0,at_home,at_home,course,0.0,mother,1.0,2.0,no,yes,yes,yes,yes,yes,yes,yes,2.0,3.0,4.0,1.0,1.0,1.0,0.0,15.0,16.0,15.0,15.1328125
MS,F,17.0,R,GT3,T,1.0,2.0,other,services,course,0.0,father,2.0,2.0,no,no,no,no,no,yes,no,no,3.0,2.0,2.0,1.0,2.0,3.0,0.0,11.0,12.0,12.0,11.625
MS,M,18.0,R,GT3,T,1.0,3.0,at_home,other,course,0.0,mother,2.0,2.0,no,yes,yes,no,yes,yes,no,no,3.0,3.0,4.0,2.0,4.0,3.0,4.0,10.0,10.0,10.0,10.0546875
MS,M,18.0,U,LE3,T,4.0,4.0,teacher,services,other,0.0,mother,2.0,3.0,no,no,yes,no,yes,yes,yes,yes,4.0,2.0,2.0,2.0,2.0,5.0,0.0,13.0,13.0,13.0,13.03125
MS,F,17.0,R,GT3,T,1.0,1.0,other,services,reputation,1.0,mother,3.0,1.0,no,yes,yes,no,yes,yes,yes,yes,5.0,2.0,1.0,1.0,2.0,1.0,0.0,6.0,7.0,0.0,0.7578125
MS,F,18.0,U,GT3,T,2.0,3.0,at_home,services,course,0.0,father,2.0,1.0,no,yes,yes,no,yes,yes,yes,yes,5.0,2.0,3.0,1.0,2.0,4.0,0.0,10.0,11.0,10.0,8.3515625
MS,F,18.0,R,GT3,T,4.0,4.0,other,teacher,other,0.0,father,3.0,2.0,no,yes,yes,no,no,yes,yes,yes,3.0,2.0,2.0,4.0,2.0,5.0,10.0,12.0,14.0,11.0,11.421875
MS,F,19.0,U,LE3,T,3.0,2.0,services,services,home,2.0,other,2.0,2.0,no,no,no,yes,yes,yes,no,yes,3.0,2.0,2.0,1.0,1.0,3.0,4.0,7.0,7.0,9.0,8.5546875
MS,M,18.0,R,LE3,T,1.0,2.0,at_home,services,other,0.0,father,3.0,1.0,no,yes,yes,yes,yes,no,yes,yes,4.0,3.0,3.0,2.0,3.0,3.0,3.0,12.0,14.0,12.0,11.9375
MS,F,17.0,U,GT3,T,2.0,2.0,other,at_home,home,0.0,mother,1.0,3.0,no,no,no,yes,yes,yes,no,yes,3.0,4.0,3.0,1.0,1.0,3.0,8.0,11.0,13.0,11.0,11.03125
MS,F,17.0,R,GT3,T,1.0,2.0,other,other,course,0.0,mother,1.0,1.0,no,no,no,yes,yes,yes,yes,no,3.0,5.0,5.0,1.0,3.0,1.0,14.0,5.0,6.0,5.0,5.125
MS,F,18.0,R,LE3,T,4.0,4.0,other,other,reputation,0.0,mother,2.0,3.0,no,no,no,no,yes,yes,yes,no,5.0,4.0,4.0,1.0,1.0,1.0,0.0,18.0,19.0,19.0,18.7109375
MS,F,18.0,R,GT3,T,1.0,1.0,other,other,home,0.0,mother,4.0,3.0,no,no,no,no,yes,yes,yes,no,4.0,3.0,2.0,1.0,2.0,4.0,2.0,8.0,8.0,10.0,9.421875
MS,F,20.0,U,GT3,T,4.0,2.0,health,other,course,2.0,other,2.0,3.0,no,yes,yes,no,no,yes,yes,yes,5.0,4.0,3.0,1.0,1.0,3.0,4.0,14.0,15.0,15.0,14.578125
MS,F,18.0,R,LE3,T,4.0,4.0,teacher,services,course,0.0,mother,1.0,2.0,no,no,yes,yes,yes,yes,yes,no,5.0,4.0,3.0,3.0,4.0,2.0,4.0,9.0,8.0,10.0,9.6171875
MS,F,18.0,U,GT3,T,3.0,3.0,other,other,home,0.0,mother,1.0,2.0,no,no,yes,no,yes,yes,yes,yes,4.0,1.0,3.0,1.0,2.0,1.0,0.0,15.0,15.0,15.0,15.1484375
MS,F,17.0,R,GT3,T,3.0,1.0,at_home,other,reputation,0.0,mother,1.0,2.0,no,yes,yes,yes,no,yes,yes,no,4.0,5.0,4.0,2.0,3.0,1.0,17.0,10.0,10.0,10.0,10.078125
MS,M,18.0,U,GT3,T,4.0,4.0,teacher,teacher,home,0.0,father,1.0,2.0,no,no,yes,yes,no,yes,yes,no,3.0,2.0,4.0,1.0,4.0,2.0,4.0,14.0,15.0,14.0,14.015625
MS,M,18.0,R,GT3,T,2.0,1.0,other,other,other,0.0,mother,2.0,1.0,no,no,no,yes,no,yes,yes,yes,4.0,4.0,3.0,1.0,3.0,5.0,5.0,6.0,7.0,7.0,6.6796875
MS,M,17.0,U,GT3,T,2.0,3.0,other,services,home,0.0,father,2.0,2.0,no,no,no,yes,yes,yes,yes,no,4.0,4.0,3.0,1.0,1.0,3.0,2.0,11.0,11.0,10.0,10.2734375
MS,M,19.0,R,GT3,T,1.0,1.0,other,services,other,1.0,mother,2.0,1.0,no,no,no,no,yes,yes,no,no,4.0,3.0,2.0,1.0,3.0,5.0,0.0,5.0,6.0,0.0,0.28125
MS,M,18.0,R,GT3,T,4.0,2.0,other,other,home,1.0,father,2.0,1.0,no,no,yes,no,yes,yes,no,no,5.0,4.0,3.0,4.0,3.0,3.0,14.0,5.0,6.0,5.0,5.453125
MS,F,18.0,R,GT3,T,2.0,2.0,at_home,other,other,0.0,mother,2.0,3.0,no,no,yes,no,yes,yes,no,no,5.0,3.0,3.0,1.0,3.0,4.0,2.0,9.0,10.0,10.0,9.8828125
MS,F,18.0,R,GT3,T,4.0,4.0,teacher,at_home,reputation,0.0,mother,3.0,1.0,no,yes,yes,yes,yes,yes,yes,yes,4.0,4.0,3.0,2.0,2.0,5.0,7.0,5.0,6.0,6.0,6.1015625
MS,F,19.0,R,GT3,T,2.0,3.0,services,other,course,1.0,mother,1.0,3.0,no,no,no,yes,no,yes,yes,no,5.0,4.0,2.0,1.0,2.0,5.0,0.0,5.0,7.0,0.0,0.2109375
MS,F,18.0,U,LE3,T,3.0,1.0,teacher,services,course,0.0,mother,1.0,2.0,no,yes,yes,no,yes,yes,yes,no,4.0,3.0,4.0,1.0,1.0,1.0,0.0,9.0,7.0,8.0,6.5625
MS,F,18.0,U,GT3,T,1.0,1.0,other,other,course,1.0,mother,2.0,2.0,no,no,no,yes,yes,yes,no,no,1.0,1.0,1.0,1.0,1.0,5.0,0.0,5.0,6.0,0.0,0.1640625
MS,M,20.0,U,LE3,A,2.0,2.0,services,services,course,2.0,other,1.0,2.0,no,yes,yes,no,yes,yes,no,no,5.0,5.0,4.0,4.0,5.0,4.0,11.0,9.0,9.0,9.0,8.9765625
MS,M,17.0,U,LE3,T,3.0,1.0,services,services,course,0.0,mother,2.0,1.0,no,no,no,no,no,yes,yes,no,2.0,4.0,5.0,3.0,4.0,2.0,3.0,16.0,14.0,16.0,15.96875
MS,M,21.0,R,GT3,T,1.0,1.0,other,other,course,3.0,other,1.0,1.0,no,no,no,no,no,yes,no,no,5.0,5.0,3.0,3.0,3.0,3.0,3.0,8.0,10.0,7.0,7.8125
MS,M,18.0,R,LE3,T,3.0,2.0,services,other,course,0.0,mother,3.0,1.0,no,no,no,no,no,yes,yes,no,4.0,4.0,1.0,3.0,4.0,5.0,0.0,12.0,11.0,10.0,10.7890625
MS,M,19.0,U,LE3,T,1.0,1.0,other,at_home,course,0.0,father,1.0,1.0,no,no,no,no,yes,yes,yes,no,3.0,2.0,3.0,3.0,3.0,5.0,5.0,9.0,8.0,9.0,9.15625
